ID,MA_KHACHHANG,MA_HOPDONG_TINDUNG,MA_HOPDONG_THECHAP,MA_SANPHAM_TD,SO_HOPDONG_TINDUNG,MA_MUCDICH_CAPTD,MA_HINHTHUC_CAPTD,MA_PHUONGTHUC_CHOVAY,NGAY_GIAINGAN,NGAY_DAOHAN,KY_HAN,SOTIEN,LOAI_TIEN,LAISUAT,NGAY_TATTOAN,TRANG_THAI
1,CIF0007317,CRCT-00001,MA-00001,CVSOHUUDBS1,CIF0007317-CRCT-00001/CVSOHUUDBS1/20140708,1B12,1,11,7/8/2014,7/8/2024,120,18000000000,VND,13,7/8/2024,1
2,CIF0018956,CRCT-00002,MA-00002,CVSOHUUDBS1,CIF0018956-CRCT-00002/CVSOHUUDBS1/20160904,1B13,1,11,9/4/2016,9/4/2026,120,6000000000,VND,13.85,9/4/2024,1
3,CIF0018956,CRCT-00003,MA-00003,CVSOHUUDBS1,CIF0018956-CRCT-00003/CVSOHUUDBS1/20161105,1B13,1,14,11/5/2016,11/5/2024,96,8000000000,VND,14,11/5/2024,1
4,CIF0002884,CRCT-00004,MA-00004,CVSOHUUDBS1,CIF0002884-CRCT-00004/CVSOHUUDBS1/20170303,1B13,1,11,3/3/2017,3/3/2027,120,9000000000,VND,13.65,3/3/2024,1
5,CIF0002884,CRCT-00005,MA-00005,KHDN,CIF0002884-CRCT-00005/KHDN/20170303,1B13,1,11,3/3/2017,3/3/2027,120,20000000000,VND,13.5,12/31/2024,1
6,CIF0018956,CRCT-00006,MA-00006,CVSOHUUDBS1,CIF0018956-CRCT-00006/CVSOHUUDBS1/20170327,1B13,1,11,3/27/2017,3/27/2027,120,6000000000,VND,13,3/27/2024,1
7,CIF0014891,CRCT-00007,MA-00007,CVSOHUUDBS1,CIF0014891-CRCT-00007/CVSOHUUDBS1/20170719,1B11,1,11,7/19/2017,7/19/2027,120,35500000000,VND,13.8,NULL,0
8,CIF0018864,CRCT-00008,MA-00008,CVSOHUUDBS1,CIF0018864-CRCT-00008/CVSOHUUDBS1/20170824,1A11,3,11,8/24/2017,8/24/2027,120,1400000000,VND,13.75,12/31/2024,1
9,CIF0018968,CRCT-00009,MA-00009,CVSOHUUDBS1,CIF0018968-CRCT-00009/CVSOHUUDBS1/20171230,1B13,1,11,12/30/2017,12/30/2032,180,7500000000,VND,13.75,NULL,0
10,CIF0020178,CRCT-00010,MA-00010,CVSOHUUDBS1,CIF0020178-CRCT-00010/CVSOHUUDBS1/20180304,1B13,1,11,3/4/2018,3/4/2033,180,3800000000,VND,13.9,NULL,0
11,CIF0018968,CRCT-00011,MA-00011,KHDN,CIF0018968-CRCT-00011/KHDN/20180319,1B11,1,11,3/19/2018,3/19/2028,120,28500000000,VND,13.95,NULL,0
12,CIF0006011,CRCT-00012,MA-00012,KHDN,CIF0006011-CRCT-00012/KHDN/20180505,1B11,1,11,5/5/2018,5/5/2028,120,2700000000,VND,13.95,NULL,0
13,CIF0017175,CRCT-00013,MA-00013,CVSOHUUDBS1,CIF0017175-CRCT-00013/CVSOHUUDBS1/20180611,1B11,1,11,6/11/2018,6/11/2033,180,1100000000,VND,12,NULL,0
14,CIF0020181,CRCT-00014,MA-00014,CVSOHUUDBS1,CIF0020181-CRCT-00014/CVSOHUUDBS1/20180619,1B13,2,11,6/19/2018,6/19/2028,120,3300000000,VND,13.5,NULL,0
15,CIF0006678,CRCT-00015,MA-00015,CVTD01,CIF0006678-CRCT-00015/CVTD01/20180716,1A11,1,11,7/16/2018,7/16/2025,84,2000000000,VND,13.25,7/16/2024,1
16,CIF0007221,CRCT-00016,MA-00016,CVTD02,CIF0007221-CRCT-00016/CVTD02/20180805,1A11,42,11,8/5/2018,8/5/2028,120,1400000000,VND,14.5,NULL,0
17,CIF0006981,CRCT-00017,MA-00017,CVSOHUUDBS1,CIF0006981-CRCT-00017/CVSOHUUDBS1/20180827,1B13,1,11,8/27/2018,8/27/2026,96,7000000000,VND,14.5,8/27/2024,1
18,CIF0020178,CRCT-00018,MA-00018,CVSOHUUDBS1,CIF0020178-CRCT-00018/CVSOHUUDBS1/20181005,1B13,1,11,10/5/2018,10/5/2028,120,3200000000,VND,14.5,NULL,0
19,CIF0006767,CRCT-00019,MA-00019,CVTD01,CIF0006767-CRCT-00019/CVTD01/20181020,1A11,41,11,10/20/2018,10/20/2024,72,2000000000,VND,13.5,10/20/2024,1
20,CIF0006457,CRCT-00020,MA-00020,CVSOHUUDBS1,CIF0006457-CRCT-00020/CVSOHUUDBS1/20181119,1A143,1,14,11/19/2018,11/19/2025,84,1800000000,VND,14.75,11/19/2024,1
21,CIF0007715,CRCT-00021,MA-00021,CVTD01,CIF0007715-CRCT-00021/CVTD01/20181126,1A143,1,11,11/26/2018,11/26/2028,120,14700000000,VND,14.75,NULL,0
22,CIF0017446,CRCT-00022,MA-00022,KHDN,CIF0017446-CRCT-00022/KHDN/20181208,1B13,1,11,12/8/2018,12/8/2027,108,1800000000,VND,14.75,12/8/2024,1
23,CIF0002240,CRCT-00023,MA-00023,CVSOHUUDBS1,CIF0002240-CRCT-00023/CVSOHUUDBS1/20190125,1B11,1,11,1/25/2019,1/25/2029,120,10000000000,VND,14.45,NULL,0
24,CIF0015565,CRCT-00024,MA-00024,CVSOHUUDBS1,CIF0015565-CRCT-00024/CVSOHUUDBS1/20190129,1B13,1,11,1/29/2019,1/29/2024,60,13200000000,VND,14.45,1/29/2024,1
25,CIF0002592,CRCT-00025,MA-00025,CVSOHUUDBS1,CIF0002592-CRCT-00025/CVSOHUUDBS1/20190130,1A11,1,11,1/30/2019,1/30/2024,60,12500000000,VND,14.45,1/30/2024,1
26,CIF0015613,CRCT-00026,MA-00026,KHDN,CIF0015613-CRCT-00026/KHDN/20190202,1A11,1,11,2/2/2019,2/2/2024,60,2500000000,VND,14.45,2/2/2024,1
27,CIF0011579,CRCT-00027,MA-00027,CV SOHUU BDS,CIF0011579-CRCT-00027/CV SOHUU BDS/20190421,1B13,1,11,4/21/2019,4/21/2024,60,6000000000,VND,14.45,4/21/2024,1
28,CIF0002560,CRCT-00028,MA-00028,CVSOHUUDBS2,CIF0002560-CRCT-00028/CVSOHUUDBS2/20190429,1B13,1,11,4/29/2019,4/29/2024,60,2800000000,VND,14.45,4/29/2024,1
29,CIF0002560,CRCT-00029,MA-00029,CVSOHUUDBS1,CIF0002560-CRCT-00029/CVSOHUUDBS1/20190504,1B13,1,11,5/4/2019,5/4/2029,120,35000000000,VND,14.45,NULL,0
30,CIF0017446,CRCT-00030,MA-00030,CVSOHUUDBS1,CIF0017446-CRCT-00030/CVSOHUUDBS1/20190512,1B13,1,11,5/12/2019,5/12/2029,120,1700000000,VND,14.75,NULL,0
31,CIF0015565,CRCT-00031,MA-00031,KHDN,CIF0015565-CRCT-00031/KHDN/20190513,1B13,1,11,5/13/2019,5/13/2025,72,11700000000,VND,14.75,NULL,0
32,CIF0006617,CRCT-00032,MA-00032,CVSOHUUDBS1,CIF0006617-CRCT-00032/CVSOHUUDBS1/20190601,1A11,1,11,6/1/2019,6/1/2024,60,1900000000,VND,14.75,6/1/2024,1
33,CIF0015532,CRCT-00033,MA-00033,CVTD03,CIF0015532-CRCT-00033/CVTD03/20190608,205,1,11,6/8/2019,6/8/2026,84,3000000000,VND,14.75,6/8/2024,1
34,CIF0002560,CRCT-00034,MA-00034,CVSOHUUDBS1,CIF0002560-CRCT-00034/CVSOHUUDBS1/20190621,1B13,1,14,6/21/2019,6/21/2027,96,1000000000,VND,14.75,NULL,0
35,CIF0006013,CRCT-00035,MA-00035,CVSOHUUDBS1,CIF0006013-CRCT-00035/CVSOHUUDBS1/20190705,1B12,1,11,7/5/2019,7/5/2028,108,4000000000,VND,14.75,NULL,0
36,CIF0003011,CRCT-00036,MA-00036,CVSOHUUDBS1,CIF0003011-CRCT-00036/CVSOHUUDBS1/20190716,1A11,1,11,7/16/2019,7/16/2028,108,8000000000,VND,14.75,NULL,0
37,CIF0019418,CRCT-00037,MA-00037,CVSOHUUDBS1,CIF0019418-CRCT-00037/CVSOHUUDBS1/20190728,1A11,1,11,7/28/2019,7/28/2027,96,10900000000,VND,14.75,12/31/2024,1
38,CIF0019418,CRCT-00038,MA-00038,CVSOHUUDBS1,CIF0019418-CRCT-00038/CVSOHUUDBS1/20190728,1A11,1,11,7/28/2019,7/28/2027,96,17400000000,VND,14.75,NULL,0
39,CIF0019418,CRCT-00039,MA-00039,CVSOHUUDBS1,CIF0019418-CRCT-00039/CVSOHUUDBS1/20190728,1A11,1,11,7/28/2019,7/28/2026,84,12900000000,VND,14.75,NULL,0
40,CIF0006435,CRCT-00040,MA-00040,CVTD01,CIF0006435-CRCT-00040/CVTD01/20190807,1A11,2,11,8/7/2019,8/7/2025,72,2000000000,VND,14.75,12/31/2024,1
41,CIF0019418,CRCT-00041,MA-00041,CV SOHUU BDS,CIF0019418-CRCT-00041/CV SOHUU BDS/20190906,1A11,1,11,9/6/2019,9/6/2026,84,1900000000,VND,14.75,NULL,0
42,CIF0016492,CRCT-00042,MA-00042,CVSOHUUDBS1,CIF0016492-CRCT-00042/CVSOHUUDBS1/20190910,1A11,1,11,9/10/2019,9/10/2024,60,2900000000,VND,14.75,9/10/2024,1
43,CIF0016239,CRCT-00043,MA-00043,CVSOHUUDBS4,CIF0016239-CRCT-00043/CVSOHUUDBS4/20190916,1B13,1,11,9/16/2019,9/16/2024,60,1800000000,VND,14.75,9/16/2024,1
44,CIF0002997,CRCT-00044,MA-00044,CVSOHUUDBS1,CIF0002997-CRCT-00044/CVSOHUUDBS1/20190927,1B13,1,11,9/27/2019,9/27/2029,120,10000000000,VND,14.5,NULL,0
45,CIF0020181,CRCT-00045,MA-00045,CVSOHUUDBS1,CIF0020181-CRCT-00045/CVSOHUUDBS1/20190927,1B13,1,11,9/27/2019,9/27/2028,108,19000000000,VND,14.5,NULL,0
46,CIF0015903,CRCT-00046,MA-00046,CVSOHUUDBS1,CIF0015903-CRCT-00046/CVSOHUUDBS1/20191001,1B13,1,11,10/1/2019,10/1/2029,120,1700000000,VND,14.55,NULL,0
47,CIF0017021,CRCT-00047,MA-00047,KHDN,CIF0017021-CRCT-00047/KHDN/20191005,1B13,42,11,10/5/2019,10/5/2034,180,1000000000,VND,14.65,NULL,0
48,CIF0002587,CRCT-00048,MA-00048,CVSOHUUDBS1,CIF0002587-CRCT-00048/CVSOHUUDBS1/20191008,1B12,1,11,10/8/2019,10/8/2030,132,25000000000,VND,14.65,NULL,0
49,CIF0002885,CRCT-00049,MA-00049,CVTD NHNN1,CIF0002885-CRCT-00049/CVTD NHNN1/20191014,1A11,1,11,10/14/2019,10/14/2031,144,11000000000,VND,14.65,NULL,0
50,CIF0002885,CRCT-00050,MA-00050,CVSOHUUDBS1,CIF0002885-CRCT-00050/CVSOHUUDBS1/20191014,1A11,1,14,10/14/2019,10/14/2026,84,2250000000,VND,14.65,12/31/2024,1
51,CIF0002560,CRCT-00051,MA-00051,CVSOHUUDBS1,CIF0002560-CRCT-00051/CVSOHUUDBS1/20191019,1B11,1,11,10/19/2019,10/19/2027,96,400000000,VND,14.75,NULL,0
52,CIF0002593,CRCT-00052,MA-00052,CVSOHUUDBS1,CIF0002593-CRCT-00052/CVSOHUUDBS1/20191021,1B13,1,11,10/21/2019,10/21/2024,60,10000000000,VND,14.85,10/21/2024,1
53,CIF0006601,CRCT-00053,MA-00053,CV SOHUU BDS,CIF0006601-CRCT-00053/CV SOHUU BDS/20191104,1B11,1,11,11/4/2019,11/4/2026,84,700000000,VND,14.65,12/31/2024,1
54,CIF0002968,CRCT-00054,MA-00054,KHDN,CIF0002968-CRCT-00054/KHDN/20191109,1B13,3,11,11/9/2019,11/9/2029,120,13500000000,VND,14.65,NULL,0
55,CIF0006607,CRCT-00055,MA-00055,CVSOHUUDBS1,CIF0006607-CRCT-00055/CVSOHUUDBS1/20191110,1B13,1,11,11/10/2019,11/10/2034,180,7000000000,VND,14.25,NULL,0
56,CIF0006471,CRCT-00056,MA-00056,CVSOHUUDBS1,CIF0006471-CRCT-00056/CVSOHUUDBS1/20191111,1B12,1,11,11/11/2019,11/11/2034,180,5000000000,VND,14,NULL,0
57,CIF0006471,CRCT-00057,MA-00057,CVSOHUUDBS1,CIF0006471-CRCT-00057/CVSOHUUDBS1/20191111,1B12,1,11,11/11/2019,11/11/2034,180,3340000000,VND,14.35,NULL,0
58,CIF0016819,CRCT-00058,MA-00058,CVSOHUUDBS1,CIF0016819-CRCT-00058/CVSOHUUDBS1/20191111,1B14,1,11,11/11/2019,11/11/2025,72,1800000000,VND,14.35,NULL,0
59,CIF0006612,CRCT-00059,MA-00059,CVSOHUUDBS1,CIF0006612-CRCT-00059/CVSOHUUDBS1/20191112,1B11,1,11,11/12/2019,11/12/2034,180,15000000000,VND,14.35,NULL,0
60,CIF0006612,CRCT-00060,MA-00060,CV SOHUU BDS,CIF0006612-CRCT-00060/CV SOHUU BDS/20191112,1B11,2,11,11/12/2019,11/12/2034,180,9500000000,VND,14.35,NULL,0
61,CIF0015931,CRCT-00061,MA-00061,CVSOHUUDBS1,CIF0015931-CRCT-00061/CVSOHUUDBS1/20191116,1A211,1,11,11/16/2019,11/16/2034,180,5600000000,VND,14.25,NULL,0
62,CIF0017047,CRCT-00062,MA-00062,CVSOHUUDBS3,CIF0017047-CRCT-00062/CVSOHUUDBS3/20191119,1A11,1,11,11/19/2019,11/19/2028,108,1900000000,VND,14.15,NULL,0
63,CIF0006677,CRCT-00063,MA-00063,CVSOHUUDBS1,CIF0006677-CRCT-00063/CVSOHUUDBS1/20191125,1A211,1,14,11/25/2019,11/25/2034,180,16000000000,VND,14.35,NULL,0
64,CIF0002955,CRCT-00064,MA-00064,CVTD NHNN1,CIF0002955-CRCT-00064/CVTD NHNN1/20191203,1A211,1,11,12/3/2019,12/3/2029,120,10000000000,VND,14.15,NULL,0
65,CIF0006722,CRCT-00065,MA-00065,KHDN,CIF0006722-CRCT-00065/KHDN/20191203,1A11,41,11,12/3/2019,12/3/2029,120,9000000000,VND,14.65,NULL,0
66,CIF0002591,CRCT-00066,MA-00066,CVSOHUUDBS1,CIF0002591-CRCT-00066/CVSOHUUDBS1/20191207,1A211,1,14,12/7/2019,12/7/2031,144,1.2E+11,VND,14.4,NULL,0
67,CIF0002949,CRCT-00067,MA-00067,CVSOHUUDBS1,CIF0002949-CRCT-00067/CVSOHUUDBS1/20191209,1B11,1,11,12/9/2019,12/9/2034,180,10000000000,VND,14.45,NULL,0
68,CIF0006224,CRCT-00068,MA-00068,CVSOHUUDBS1,CIF0006224-CRCT-00068/CVSOHUUDBS1/20191213,1A211,1,11,12/13/2019,12/13/2030,132,20000000000,VND,14.55,NULL,0
69,CIF0006471,CRCT-00069,MA-00069,CVSOHUUDBS1,CIF0006471-CRCT-00069/CVSOHUUDBS1/20191213,1B12,1,11,12/13/2019,12/13/2027,96,2400000000,VND,14.85,NULL,0
70,CIF0003018,CRCT-00070,MA-00070,CVSOHUUDBS1,CIF0003018-CRCT-00070/CVSOHUUDBS1/20191215,1A211,1,11,12/15/2019,12/15/2025,72,7600000000,VND,14.9,12/31/2024,1
71,CIF0020246,CRCT-00071,MA-00071,CVSOHUUDBS1,CIF0020246-CRCT-00071/CVSOHUUDBS1/20191217,1A211,1,11,12/17/2019,12/17/2031,144,7200000000,VND,14.85,NULL,0
72,CIF0006072,CRCT-00072,MA-00072,CVSOHUUDBS1,CIF0006072-CRCT-00072/CVSOHUUDBS1/20191218,1A211,3,121,12/18/2019,12/18/2024,60,2500000000,VND,14.85,12/18/2024,1
73,CIF0003032,CRCT-00073,MA-00073,KHDN,CIF0003032-CRCT-00073/KHDN/20191220,1A211,1,121,12/20/2019,12/20/2028,108,15000000000,VND,14.85,NULL,0
74,CIF0019418,CRCT-00074,MA-00074,CVSOHUUDBS1,CIF0019418-CRCT-00074/CVSOHUUDBS1/20191224,1B11,1,11,12/24/2019,12/24/2026,84,4200000000,VND,14.85,12/31/2024,1
75,CIF0006944,CRCT-00075,MA-00075,CVSOHUUDBS1,CIF0006944-CRCT-00075/CVSOHUUDBS1/20191229,1A11,2,11,12/29/2019,12/29/2026,84,4800000000,VND,14.85,NULL,0
76,CIF0006244,CRCT-00076,MA-00076,CVSOHUUDBS1,CIF0006244-CRCT-00076/CVSOHUUDBS1/20191231,1A211,1,11,12/31/2019,12/31/2031,144,9000000000,VND,14.85,NULL,0
77,CIF0007033,CRCT-00077,MA-00077,CV SOHUU BDS,CIF0007033-CRCT-00077/CV SOHUU BDS/20200103,1A211,1,11,1/3/2020,1/3/2025,60,4700000000,VND,14,NULL,0
78,CIF0006765,CRCT-00078,MA-00078,CVSOHUUDBS1,CIF0006765-CRCT-00078/CVSOHUUDBS1/20200103,1B14,1,11,1/3/2020,1/3/2035,180,2600000000,VND,14.05,NULL,0
79,CIF0016433,CRCT-00079,MA-00079,CVSOHUUDBS1,CIF0016433-CRCT-00079/CVSOHUUDBS1/20200105,1A211,1,11,1/5/2020,1/5/2025,60,2400000000,VND,14.1,NULL,0
80,CIF0015937,CRCT-00080,MA-00080,KHDN,CIF0015937-CRCT-00080/KHDN/20200107,1A211,1,11,1/7/2020,1/7/2027,84,2000000000,VND,14.15,NULL,0
81,CIF0007061,CRCT-00081,MA-00081,CVSOHUUDBS4,CIF0007061-CRCT-00081/CVSOHUUDBS4/20200107,1A11,1,11,1/7/2020,1/7/2031,132,10000000000,VND,14.2,NULL,0
82,CIF0002837,CRCT-00082,MA-00082,CVSOHUUDBS2,CIF0002837-CRCT-00082/CVSOHUUDBS2/20200112,1A211,1,11,1/12/2020,1/12/2025,60,12000000000,VND,14.25,NULL,0
83,CIF0002560,CRCT-00083,MA-00083,CVSOHUUDBS1,CIF0002560-CRCT-00083/CVSOHUUDBS1/20200112,1A211,1,11,1/12/2020,1/12/2026,72,16300000000,VND,14.1,NULL,0
84,CIF0015406,CRCT-00084,MA-00084,CVSOHUUDBS1,CIF0015406-CRCT-00084/CVSOHUUDBS1/20200118,1A11,42,11,1/18/2020,1/18/2028,96,2200000000,VND,14.05,NULL,0
85,CIF0019418,CRCT-00085,MA-00085,CVTD NHNN1,CIF0019418-CRCT-00085/CVTD NHNN1/20200120,1B12,1,11,1/20/2020,1/20/2027,84,12500000000,VND,14,NULL,0
86,CIF0006011,CRCT-00086,MA-00086,CVSOHUUDBS1,CIF0006011-CRCT-00086/CVSOHUUDBS1/20200208,1A211,1,11,2/8/2020,2/8/2029,108,2400000000,VND,14.05,NULL,0
87,CIF0006601,CRCT-00087,MA-00087,CVSOHUUDBS1,CIF0006601-CRCT-00087/CVSOHUUDBS1/20200209,1A12,1,11,2/9/2020,2/9/2028,96,5000000000,VND,13.75,NULL,0
88,CIF0003033,CRCT-00088,MA-00088,CVSOHUUDBS1,CIF0003033-CRCT-00088/CVSOHUUDBS1/20200217,1B11,1,11,2/17/2020,2/17/2025,60,8000000000,VND,13.8,NULL,0
89,CIF0017637,CRCT-00089,MA-00089,CV SOHUU BDS,CIF0017637-CRCT-00089/CV SOHUU BDS/20200223,1B14,41,11,2/23/2020,2/23/2025,60,2200000000,VND,13.85,NULL,0
90,CIF0017371,CRCT-00090,MA-00090,KHDN,CIF0017371-CRCT-00090/KHDN/20200304,1B14,2,11,3/4/2020,3/4/2025,60,1900000000,VND,13.9,NULL,0
91,CIF0006870,CRCT-00091,MA-00091,CVSOHUUDBS1,CIF0006870-CRCT-00091/CVSOHUUDBS1/20200304,1B14,1,11,3/4/2020,3/4/2025,60,8000000000,VND,13.95,NULL,0
92,CIF0016290,CRCT-00092,MA-00092,CVSOHUUDBS1,CIF0016290-CRCT-00092/CVSOHUUDBS1/20200306,1B14,1,11,3/6/2020,3/6/2026,72,2100000000,VND,14.1,NULL,0
93,CIF0002968,CRCT-00093,MA-00093,CVSOHUUDBS1,CIF0002968-CRCT-00093/CVSOHUUDBS1/20200310,1B14,1,11,3/10/2020,3/10/2024,48,500000000,VND,14.05,3/10/2024,1
94,CIF0004499,CRCT-00094,MA-00094,CVSOHUUDBS1,CIF0004499-CRCT-00094/CVSOHUUDBS1/20200317,1B14,1,11,3/17/2020,3/17/2024,48,3500000000,VND,14.05,3/17/2024,1
95,CIF0006599,CRCT-00095,MA-00095,CVSOHUUDBS1,CIF0006599-CRCT-00095/CVSOHUUDBS1/20200320,1A12,1,11,3/20/2020,3/20/2035,180,1750000000,VND,14.05,NULL,0
96,CIF0006606,CRCT-00096,MA-00096,CVSOHUUDBS2,CIF0006606-CRCT-00096/CVSOHUUDBS2/20200320,1B14,1,11,3/20/2020,3/20/2030,120,5000000000,VND,14.05,NULL,0
97,CIF0002570,CRCT-00097,MA-00097,CVSOHUUDBS1,CIF0002570-CRCT-00097/CVSOHUUDBS1/20200321,1B11,1,11,3/21/2020,3/21/2025,60,33000000000,VND,14.05,NULL,0
98,CIF0016367,CRCT-00098,MA-00098,CVTD01,CIF0016367-CRCT-00098/CVTD01/20200409,205,1,11,4/9/2020,4/9/2025,60,7900000000,VND,12.75,NULL,0
99,CIF0006990,CRCT-00099,MA-00099,CVTD NHNN1,CIF0006990-CRCT-00099/CVTD NHNN1/20200421,1B13,1,11,4/21/2020,4/21/2024,48,20000000000,VND,14.05,4/21/2024,1
100,CIF0002955,CRCT-00100,MA-00100,KHDN,CIF0002955-CRCT-00100/KHDN/20200503,1B14,1,11,5/3/2020,5/3/2025,60,15892800000,VND,14.05,NULL,0
101,CIF0019102,CRCT-00101,MA-00101,CVSOHUUDBS1,CIF0019102-CRCT-00101/CVSOHUUDBS1/20200516,1A12,1,11,5/16/2020,5/16/2032,144,5000000000,VND,13.5,NULL,0
102,CIF0003020,CRCT-00102,MA-00102,CVSOHUUDBS4,CIF0003020-CRCT-00102/CVSOHUUDBS4/20200518,1B14,3,11,5/18/2020,5/18/2035,180,4800000000,VND,13.55,NULL,0
103,CIF0019418,CRCT-00103,MA-00103,CVSOHUUDBS3,CIF0019418-CRCT-00103/CVSOHUUDBS3/20200523,1B14,1,11,5/23/2020,5/23/2027,84,11500000000,VND,13.6,NULL,0
104,CIF0002955,CRCT-00104,MA-00104,CVSOHUUDBS1,CIF0002955-CRCT-00104/CVSOHUUDBS1/20200525,1B14,1,11,5/25/2020,5/25/2025,60,16025000000,VND,13.65,NULL,0
105,CIF0002608,CRCT-00105,MA-00105,CVSOHUUDBS1,CIF0002608-CRCT-00105/CVSOHUUDBS1/20200602,1B14,1,11,6/2/2020,6/2/2032,144,1900000000,VND,13.7,NULL,0
106,CIF0006981,CRCT-00106,MA-00106,CVSOHUUDBS1,CIF0006981-CRCT-00106/CVSOHUUDBS1/20200607,1A11,1,11,6/7/2020,6/7/2025,60,10000000000,VND,13.75,NULL,0
107,CIF0008222,CRCT-00107,MA-00107,CVSOHUUDBS1,CIF0008222-CRCT-00107/CVSOHUUDBS1/20200613,1A11,1,11,6/13/2020,6/13/2027,84,2100000000,VND,13.55,NULL,0
108,CIF0008223,CRCT-00108,MA-00108,CV SOHUU BDS,CIF0008223-CRCT-00108/CV SOHUU BDS/20200613,1B14,1,14,6/13/2020,6/13/2028,96,1500000000,VND,13.45,NULL,0
109,CIF0008224,CRCT-00109,MA-00109,CVSOHUUDBS1,CIF0008224-CRCT-00109/CVSOHUUDBS1/20200613,1B14,2,11,6/13/2020,6/13/2028,96,17800000000,VND,13.45,NULL,0
110,CIF0016307,CRCT-00110,MA-00110,CVSOHUUDBS1,CIF0016307-CRCT-00110/CVSOHUUDBS1/20200616,1B14,1,11,6/16/2020,6/16/2029,108,2700000000,VND,13.45,NULL,0
111,CIF0002266,CRCT-00111,MA-00111,CVSOHUUDBS1,CIF0002266-CRCT-00111/CVSOHUUDBS1/20200620,1B13,1,11,6/20/2020,6/20/2025,60,30000000000,VND,13.45,NULL,0
112,CIF0019418,CRCT-00112,MA-00112,CVSOHUUDBS1,CIF0019418-CRCT-00112/CVSOHUUDBS1/20200620,1B13,1,11,6/20/2020,6/20/2027,84,12000000000,VND,13.45,NULL,0
113,CIF0006108,CRCT-00113,MA-00113,CVSOHUUDBS1,CIF0006108-CRCT-00113/CVSOHUUDBS1/20200621,1B13,1,11,6/21/2020,6/21/2024,48,50000000000,VND,13.45,6/21/2024,1
114,CIF0002239,CRCT-00114,MA-00114,CVSOHUUDBS2,CIF0002239-CRCT-00114/CVSOHUUDBS2/20200703,1B14,1,11,7/3/2020,7/3/2026,72,20000000000,VND,13.45,NULL,0
115,CIF0003011,CRCT-00115,MA-00115,KHDN,CIF0003011-CRCT-00115/KHDN/20200714,1A11,1,11,7/14/2020,7/14/2028,96,400000000,VND,14.05,NULL,0
116,CIF0007289,CRCT-00116,MA-00116,CVSOHUUDBS1,CIF0007289-CRCT-00116/CVSOHUUDBS1/20200726,1B14,1,11,7/26/2020,7/26/2032,144,60000000000,VND,14.1,NULL,0
117,CIF0018493,CRCT-00117,MA-00117,CVSOHUUDBS1,CIF0018493-CRCT-00117/CVSOHUUDBS1/20200803,1B12,1,11,8/3/2020,8/3/2026,72,7500000000,VND,14.15,NULL,0
118,CIF0006231,CRCT-00118,MA-00118,CVSOHUUDBS4,CIF0006231-CRCT-00118/CVSOHUUDBS4/20200807,1B14,1,11,8/7/2020,8/7/2029,108,20000000000,VND,14.2,NULL,0
119,CIF0002836,CRCT-00119,MA-00119,KHDN,CIF0002836-CRCT-00119/KHDN/20200808,1B14,1,11,8/8/2020,8/8/2024,48,40000000000,VND,14.25,8/8/2024,1
120,CIF0015679,CRCT-00120,MA-00120,CVTD NHNN1,CIF0015679-CRCT-00120/CVTD NHNN1/20200819,1B14,42,11,8/19/2020,8/19/2025,60,2500000000,VND,14.3,NULL,0
121,CIF0004296,CRCT-00121,MA-00121,CVSOHUUDBS1,CIF0004296-CRCT-00121/CVSOHUUDBS1/20200830,1B14,1,11,8/30/2020,8/30/2026,72,5000000000,VND,14.35,NULL,0
122,CIF0015937,CRCT-00122,MA-00122,CVSOHUUDBS1,CIF0015937-CRCT-00122/CVSOHUUDBS1/20200925,1A12,1,11,9/25/2020,9/25/2024,48,1600000000,VND,14.4,9/25/2024,1
123,CIF0006637,CRCT-00123,MA-00123,CVSOHUUDBS1,CIF0006637-CRCT-00123/CVSOHUUDBS1/20201006,1A211,1,11,10/6/2020,10/6/2035,180,7500000000,VND,14.35,NULL,0
124,CIF0006596,CRCT-00124,MA-00124,CVSOHUUDBS1,CIF0006596-CRCT-00124/CVSOHUUDBS1/20201011,1A211,1,11,10/11/2020,10/11/2028,96,10000000000,VND,14.3,NULL,0
125,CIF0003012,CRCT-00125,MA-00125,CVSOHUUDBS3,CIF0003012-CRCT-00125/CVSOHUUDBS3/20201019,1A211,1,11,10/19/2020,10/19/2035,180,80000000000,VND,14.25,NULL,0
126,CIF0006128,CRCT-00126,MA-00126,CVSOHUUDBS1,CIF0006128-CRCT-00126/CVSOHUUDBS1/20201114,1A211,1,11,11/14/2020,11/14/2027,84,8000000000,VND,14.2,NULL,0
127,CIF0006981,CRCT-00127,MA-00127,KHDN,CIF0006981-CRCT-00127/KHDN/20201120,1A211,1,11,11/20/2020,11/20/2025,60,18600000000,VND,14.25,NULL,0
128,CIF0002238,CRCT-00128,MA-00128,CV SOHUU BDS,CIF0002238-CRCT-00128/CV SOHUU BDS/20201121,1A211,2,11,11/21/2020,11/21/2024,48,10000000000,VND,14.25,11/21/2024,1
129,CIF0006072,CRCT-00129,MA-00129,CVSOHUUDBS1,CIF0006072-CRCT-00129/CVSOHUUDBS1/20201122,1A12,1,11,11/22/2020,11/22/2028,96,18500000000,VND,14.25,NULL,0
130,CIF0006072,CRCT-00130,MA-00130,CVSOHUUDBS1,CIF0006072-CRCT-00130/CVSOHUUDBS1/20201122,1A12,3,11,11/22/2020,11/22/2025,60,5000000000,VND,14.25,NULL,0
131,CIF0004524,CRCT-00131,MA-00131,CVSOHUUDBS1,CIF0004524-CRCT-00131/CVSOHUUDBS1/20210105,1A211,1,11,1/5/2021,1/5/2026,60,4000000000,VND,14.75,NULL,0
132,CIF0004223,CRCT-00132,MA-00132,CVSOHUUDBS1,CIF0004223-CRCT-00132/CVSOHUUDBS1/20210108,1B13,1,11,1/8/2021,1/8/2026,60,5000000000,VND,14.75,NULL,0
133,CIF0018471,CRCT-00133,MA-00133,CVTD NHNN1,CIF0018471-CRCT-00133/CVTD NHNN1/20210111,1A211,1,11,1/11/2021,1/11/2027,72,1400000000,VND,14.75,NULL,0
134,CIF0002233,CRCT-00134,MA-00134,KHDN,CIF0002233-CRCT-00134/KHDN/20210213,1A211,1,11,2/13/2021,2/13/2026,60,20000000000,VND,14.75,NULL,0
135,CIF0003020,CRCT-00135,MA-00135,CVSOHUUDBS4,CIF0003020-CRCT-00135/CVSOHUUDBS4/20210305,1B13,1,11,3/5/2021,3/5/2028,84,20000000000,VND,14.75,NULL,0
136,CIF0001304,CRCT-00136,MA-00136,KHDN,CIF0001304-CRCT-00136/KHDN/20210315,1A211,1,11,3/15/2021,3/15/2025,48,11766000000,VND,14.75,NULL,0
137,CIF0001304,CRCT-00137,MA-00137,CVSOHUUDBS2,CIF0001304-CRCT-00137/CVSOHUUDBS2/20210315,1A211,1,14,3/15/2021,3/15/2025,48,4425000000,VND,14.75,NULL,0
138,CIF0003020,CRCT-00138,MA-00138,CVSOHUUDBS1,CIF0003020-CRCT-00138/CVSOHUUDBS1/20210322,1A211,1,11,3/22/2021,3/22/2024,36,1600000000,VND,14.5,3/22/2024,1
139,CIF0006011,CRCT-00139,MA-00139,CVSOHUUDBS1,CIF0006011-CRCT-00139/CVSOHUUDBS1/20210323,1A211,42,16,3/23/2021,3/23/2025,48,1600000000,VND,14.6,NULL,0
140,CIF0006011,CRCT-00140,MA-00140,KHDN,CIF0006011-CRCT-00140/KHDN/20210327,1A211,1,11,3/27/2021,3/27/2027,72,2300000000,VND,14.7,NULL,0
141,CIF0018643,CRCT-00141,MA-00141,CVSOHUUDBS1,CIF0018643-CRCT-00141/CVSOHUUDBS1/20210402,1A11,1,11,4/2/2021,4/2/2025,48,2300000000,VND,14.8,NULL,0
142,CIF0002611,CRCT-00142,MA-00142,CVSOHUUDBS1,CIF0002611-CRCT-00142/CVSOHUUDBS1/20210404,1A12,1,11,4/4/2021,4/4/2028,84,1800000000,VND,14.9,NULL,0
143,CIF0006011,CRCT-00143,MA-00143,CVSOHUUDBS1,CIF0006011-CRCT-00143/CVSOHUUDBS1/20210417,1A211,3,11,4/17/2021,4/17/2024,36,1000000000,VND,15,4/17/2024,1
144,CIF0006409,CRCT-00144,MA-00144,CVSOHUUDBS3,CIF0006409-CRCT-00144/CVSOHUUDBS3/20210426,1B12,1,11,4/26/2021,4/26/2026,60,2400000000,VND,15.05,NULL,0
145,CIF0002968,CRCT-00145,MA-00145,KHDN,CIF0002968-CRCT-00145/KHDN/20210513,1A211,1,11,5/13/2021,5/13/2024,36,8500000000,VND,15.25,5/13/2024,1
146,CIF0002266,CRCT-00146,MA-00146,KHDN,CIF0002266-CRCT-00146/KHDN/20210516,1B13,1,11,5/16/2021,5/16/2024,36,9000000000,VND,15.25,5/16/2024,1
147,CIF0002315,CRCT-00147,MA-00147,CVSOHUUDBS1,CIF0002315-CRCT-00147/CVSOHUUDBS1/20210529,1A211,1,11,5/29/2021,5/29/2024,36,7500000000,VND,15.7,5/29/2024,1
148,CIF0002315,CRCT-00148,MA-00148,KHDN,CIF0002315-CRCT-00148/KHDN/20210529,1B13,1,11,5/29/2021,5/29/2025,48,3500000000,VND,15.1,NULL,0
149,CIF0004114,CRCT-00149,MA-00149,CV_KHTT,CIF0004114-CRCT-00149/CV_KHTT/20210530,1A11,5,11,5/30/2021,5/30/2024,36,1500000000,VND,15.15,5/30/2024,1
150,CIF0015213,CRCT-00150,MA-00150,CVSOHUUDBS1,CIF0015213-CRCT-00150/CVSOHUUDBS1/20210601,1A11,1,11,6/1/2021,6/1/2024,36,2600000000,VND,15.2,6/1/2024,1
151,CIF0002595,CRCT-00151,MA-00151,CVSOHUUDBS1,CIF0002595-CRCT-00151/CVSOHUUDBS1/20210601,1A211,1,11,6/1/2021,6/1/2024,36,30000000000,VND,15.25,6/1/2024,1
152,CIF0002248,CRCT-00152,MA-00152,CVSOHUUDBS1,CIF0002248-CRCT-00152/CVSOHUUDBS1/20210606,1A15,1,11,6/6/2021,6/6/2026,60,10000000000,VND,15.3,NULL,0
153,CIF0016926,CRCT-00153,MA-00153,CVSOHUUDBS1,CIF0016926-CRCT-00153/CVSOHUUDBS1/20210704,1A12,1,11,7/4/2021,7/4/2026,60,1100000000,VND,15.35,NULL,0
154,CIF0002311,CRCT-00154,MA-00154,CVSOHUUDBS1,CIF0002311-CRCT-00154/CVSOHUUDBS1/20210705,1A15,1,11,7/5/2021,7/5/2026,60,8000000000,VND,15.4,NULL,0
155,CIF0007114,CRCT-00155,MA-00155,CVSOHUUDBS1,CIF0007114-CRCT-00155/CVSOHUUDBS1/20210709,1A15,2,11,7/9/2021,7/9/2026,60,8000000000,VND,15.05,NULL,0
156,CIF0001301,CRCT-00156,MA-00156,CVSOHUUDBS1,CIF0001301-CRCT-00156/CVSOHUUDBS1/20210709,1A15,1,11,7/9/2021,7/9/2026,60,10000000000,VND,15.1,NULL,0
157,CIF0001951,CRCT-00157,MA-00157,CVSOHUUDBS2,CIF0001951-CRCT-00157/CVSOHUUDBS2/20210724,1B12,1,121,7/24/2021,7/24/2024,36,55000000000,VND,15.1,7/24/2024,1
158,CIF0001296,CRCT-00158,MA-00158,CV SOHUU BDS,CIF0001296-CRCT-00158/CV SOHUU BDS/20210726,1A15,1,11,7/26/2021,7/26/2031,120,3000000000,VND,15.1,NULL,0
159,CIF0006008,CRCT-00159,MA-00159,CVSOHUUDBS1,CIF0006008-CRCT-00159/CVSOHUUDBS1/20210802,1A15,1,11,8/2/2021,8/2/2031,120,5900000000,VND,15.1,NULL,0
160,CIF0006005,CRCT-00160,MA-00160,CVSOHUUDBS1,CIF0006005-CRCT-00160/CVSOHUUDBS1/20210807,1A143,1,11,8/7/2021,8/7/2031,120,4500000000,VND,15.1,NULL,0
161,CIF0002607,CRCT-00161,MA-00161,CVSOHUUDBS1,CIF0002607-CRCT-00161/CVSOHUUDBS1/20210809,1B13,1,11,8/9/2021,8/9/2031,120,2300000000,VND,15.1,NULL,0
162,CIF0016964,CRCT-00162,MA-00162,CVSOHUUDBS1,CIF0016964-CRCT-00162/CVSOHUUDBS1/20210822,1A12,1,11,8/22/2021,8/22/2031,120,2000000000,VND,15.1,NULL,0
163,CIF0006011,CRCT-00163,MA-00163,CVSOHUUDBS3,CIF0006011-CRCT-00163/CVSOHUUDBS3/20210903,1A15,1,11,9/3/2021,9/3/2025,48,1800000000,VND,14.75,NULL,0
164,CIF0006026,CRCT-00164,MA-00164,CVSOHUUDBS1,CIF0006026-CRCT-00164/CVSOHUUDBS1/20210903,1A15,1,11,9/3/2021,9/3/2025,48,2400000000,VND,14.25,NULL,0
165,CIF0002313,CRCT-00165,MA-00165,CVSOHUUDBS1,CIF0002313-CRCT-00165/CVSOHUUDBS1/20210907,1A11,1,11,9/7/2021,9/7/2025,48,1300000000,VND,14.35,NULL,0
166,CIF0001288,CRCT-00166,MA-00166,CVSOHUUDBS1,CIF0001288-CRCT-00166/CVSOHUUDBS1/20210918,205,1,11,9/18/2021,9/18/2031,120,2200000000,VND,14.4,NULL,0
167,CIF0016243,CRCT-00167,MA-00167,CVSOHUUDBS1,CIF0016243-CRCT-00167/CVSOHUUDBS1/20210919,1B13,1,11,9/19/2021,9/19/2031,120,2200000000,VND,14.27,NULL,0
168,CIF0006616,CRCT-00168,MA-00168,CVSOHUUDBS1,CIF0006616-CRCT-00168/CVSOHUUDBS1/20211018,1A15,1,121,10/18/2021,10/18/2031,120,20000000000,VND,14.58,NULL,0
169,CIF0001292,CRCT-00169,MA-00169,CVKD-Nhom 1,CIF0001292-CRCT-00169/CVKD-Nhom 1/20211127,1A12,1,11,11/27/2021,11/27/2031,120,2500000000,VND,14.89,NULL,0
170,CIF0006538,CRCT-00170,MA-00170,CVSOHUUDBS1,CIF0006538-CRCT-00170/CVSOHUUDBS1/20211218,1A15,2,11,12/18/2021,12/18/2028,84,4600000000,VND,15,NULL,0
171,CIF0016336,CRCT-00171,MA-00171,CVSOHUUDBS1,CIF0016336-CRCT-00171/CVSOHUUDBS1/20220117,1B13,1,11,1/17/2022,1/17/2027,60,2900000000,VND,15.85,NULL,0
172,CIF0019418,CRCT-00172,MA-00172,KHDN,CIF0019418-CRCT-00172/KHDN/20220123,1B14,1,11,1/23/2022,1/23/2027,60,1300000000,VND,15.85,NULL,0
173,CIF0008227,CRCT-00173,MA-00173,CVSOHUUDBS1,CIF0008227-CRCT-00173/CVSOHUUDBS1/20220124,1B13,1,11,1/24/2022,1/24/2027,60,2100000000,VND,15.85,NULL,0
174,CIF0015600,CRCT-00174,MA-00174,CVSOHUUDBS1,CIF0015600-CRCT-00174/CVSOHUUDBS1/20220226,1B14,6,14,2/26/2022,2/26/2032,120,8400000000,VND,15.85,NULL,0
175,CIF0006639,CRCT-00175,MA-00175,CVSOHUUDBS1,CIF0006639-CRCT-00175/CVSOHUUDBS1/20220318,1A12,1,11,3/18/2022,3/18/2027,60,10000000000,VND,15.5,NULL,0
176,CIF0006639,CRCT-00176,MA-00176,CVSOHUUDBS1,CIF0006639-CRCT-00176/CVSOHUUDBS1/20220426,1A12,1,11,4/26/2022,4/26/2027,60,10000000000,VND,15.6,NULL,0
177,CIF0019103,CRCT-00177,MA-00177,CV SOHUU BDS,CIF0019103-CRCT-00177/CV SOHUU BDS/20220518,1A11,6,11,5/18/2022,5/18/2025,36,2600000000,VND,15.65,NULL,0
178,CIF0016926,CRCT-00178,MA-00178,CVSOHUUDBS1,CIF0016926-CRCT-00178/CVSOHUUDBS1/20220520,1B13,1,11,5/20/2022,5/20/2032,120,1700000000,VND,15.75,NULL,0
179,CIF0017757,CRCT-00179,MA-00179,CVSOHUUDBS2,CIF0017757-CRCT-00179/CVSOHUUDBS2/20220704,1B14,1,11,7/4/2022,7/4/2032,120,2200000000,VND,15.85,NULL,0
180,CIF0006457,CRCT-00180,MA-00180,CVSOHUUDBS1,CIF0006457-CRCT-00180/CVSOHUUDBS1/20220729,1B14,1,11,7/29/2022,7/29/2030,96,2780000000,VND,16,NULL,0
181,CIF0006457,CRCT-00181,MA-00181,CVSOHUUDBS3,CIF0006457-CRCT-00181/CVSOHUUDBS3/20220729,1B13,1,11,7/29/2022,7/29/2025,36,17600000000,VND,16.1,NULL,0
182,CIF0018480,CRCT-00182,MA-00182,CVSOHUUDBS1,CIF0018480-CRCT-00182/CVSOHUUDBS1/20220805,1B14,1,11,8/5/2022,8/5/2025,36,2000000000,VND,16.2,NULL,0
183,CIF0019874,CRCT-00183,MA-00183,CVSOHUUDBS1,CIF0019874-CRCT-00183/CVSOHUUDBS1/20220816,205,2,11,8/16/2022,8/16/2025,36,2800000000,VND,16.25,NULL,0
184,CIF0019874,CRCT-00184,MA-00184,CVSOHUUDBS1,CIF0019874-CRCT-00184/CVSOHUUDBS1/20220816,205,1,11,8/16/2022,8/16/2025,36,2200000000,VND,16.05,NULL,0
185,CIF0006435,CRCT-00185,MA-00185,CVSOHUUDBS1,CIF0006435-CRCT-00185/CVSOHUUDBS1/20221003,205,1,14,10/3/2022,10/3/2032,120,5500000000,VND,15.45,NULL,0
186,CIF0018492,CRCT-00186,MA-00186,CVSOHUUDBS1,CIF0018492-CRCT-00186/CVSOHUUDBS1/20221010,1B14,1,11,10/10/2022,10/10/2024,24,1600000000,VND,15.35,10/10/2024,1
187,CIF0006457,CRCT-00187,MA-00187,KHDN,CIF0006457-CRCT-00187/KHDN/20221122,1B14,6,11,11/22/2022,11/22/2025,36,8625000000,VND,15.75,NULL,0
188,CIF0006011,CRCT-00188,MA-00188,CVSOHUUDBS1,CIF0006011-CRCT-00188/CVSOHUUDBS1/20221204,1B14,1,11,12/4/2022,12/4/2032,120,2500000000,VND,16,NULL,0
189,CIF0016243,CRCT-00189,MA-00189,CVSOHUUDBS1,CIF0016243-CRCT-00189/CVSOHUUDBS1/20221217,1A11,1,11,12/17/2022,12/17/2032,120,2800000000,VND,16.05,NULL,0
190,CIF0016239,CRCT-00190,MA-00190,CVSOHUUDBS1,CIF0016239-CRCT-00190/CVSOHUUDBS1/20221218,1B14,1,11,12/18/2022,12/18/2032,120,2700000000,VND,16,NULL,0
191,CIF0018479,CRCT-00191,MA-00191,CVSOHUUDBS1,CIF0018479-CRCT-00191/CVSOHUUDBS1/20230318,1B14,1,15,3/18/2023,3/18/2024,12,2800000000,VND,13.05,3/18/2024,1
192,CIF0015977,CRCT-00192,MA-00192,CVSOHUUDBS2,CIF0015977-CRCT-00192/CVSOHUUDBS2/20230321,1B14,1,11,3/21/2023,3/21/2024,12,2400000000,VND,11,3/21/2024,1
193,CIF0018479,CRCT-00193,MA-00193,CVSOHUUDBS1,CIF0018479-CRCT-00193/CVSOHUUDBS1/20230324,1B14,1,11,3/24/2023,3/24/2024,12,1800000000,VND,12.65,3/24/2024,1
194,CIF0018479,CRCT-00194,MA-00194,CVSOHUUDBS1,CIF0018479-CRCT-00194/CVSOHUUDBS1/20230324,1A15,1,11,3/24/2023,3/24/2028,60,2400000000,VND,13.05,NULL,0
195,CIF0015516,CRCT-00195,MA-00195,CVSOHUUDBS3,CIF0015516-CRCT-00195/CVSOHUUDBS3/20230526,1A15,1,11,5/26/2023,5/26/2024,12,1700000000,VND,13,5/26/2024,1
196,CIF0018492,CRCT-00196,MA-00196,CVSOHUUDBS1,CIF0018492-CRCT-00196/CVSOHUUDBS1/20230604,1A15,1,14,6/4/2023,6/4/2024,12,1300000000,VND,12.65,6/4/2024,1
197,CIF0015600,CRCT-00197,MA-00197,CVSOHUUDBS1,CIF0015600-CRCT-00197/CVSOHUUDBS1/20230612,1A15,3,11,6/12/2023,6/12/2033,120,7900000000,VND,12,NULL,0
198,CIF0006457,CRCT-00198,MA-00198,CV SOHUU BDS,CIF0006457-CRCT-00198/CV SOHUU BDS/20230703,1B13,1,11,7/3/2023,7/3/2028,60,17100000000,VND,13,NULL,0
199,CIF0011579,CRCT-00199,MA-00199,KHDN,CIF0011579-CRCT-00199/KHDN/20230708,1A15,1,11,7/8/2023,7/8/2024,12,1400000000,VND,11.35,7/8/2024,1
200,CIF0020178,CRCT-00200,MA-00200,CVSOHUUDBS1,CIF0020178-CRCT-00200/CVSOHUUDBS1/20230719,1A15,1,11,7/19/2023,7/19/2028,60,1200000000,VND,13,NULL,0
201,CIF0019418,CRCT-00201,MA-00201,CVSOHUUDBS1,CIF0019418-CRCT-00201/CVSOHUUDBS1/20230724,1A12,2,11,7/24/2023,7/24/2030,84,9500000000,VND,13,NULL,0
202,CIF9080922,CRCT-00202,MA-00202,CVSOHUUDBS1,CIF9080922-CRCT-00202/CVSOHUUDBS1/20230807,1A11,1,11,8/7/2023,8/7/2033,120,10000000000,VND,14.2,NULL,0
203,CIF9080923,CRCT-00203,MA-00203,CVTD-TAICAP2,CIF9080923-CRCT-00203/CVTD-TAICAP2/20230912,1A211,1,11,9/12/2023,9/12/2028,60,12000000000,VND,14.25,NULL,0
204,CIF9080924,CRCT-00204,MA-00204,CVSOHUUDBS1,CIF9080924-CRCT-00204/CVSOHUUDBS1/20230912,1A211,1,11,9/12/2023,9/12/2030,84,6300000000,VND,14.1,NULL,0
205,CIF9080925,CRCT-00205,MA-00205,CVSOHUUDBS1,CIF9080925-CRCT-00205/CVSOHUUDBS1/20230913,1A11,42,11,9/13/2023,9/13/2031,96,2200000000,VND,14.05,NULL,0
206,CIF9080926,CRCT-00206,MA-00206,CVSOHUUDBS1,CIF9080926-CRCT-00206/CVSOHUUDBS1/20230914,1B12,1,11,9/14/2023,9/14/2033,120,12500000000,VND,14,NULL,0
207,CIF9080927,CRCT-00207,MA-00207,CVSOHUUDBS1,CIF9080927-CRCT-00207/CVSOHUUDBS1/20230915,1A211,1,11,9/15/2023,9/15/2028,60,2400000000,VND,14.05,NULL,0
208,CIF9080928,CRCT-00208,MA-00208,CVSOHUUDBS3,CIF9080928-CRCT-00208/CVSOHUUDBS3/20230916,1A12,1,11,9/16/2023,9/16/2028,60,5000000000,VND,13.75,NULL,0
209,CIF9080929,CRCT-00209,MA-00209,CVSOHUUDBS1,CIF9080929-CRCT-00209/CVSOHUUDBS1/20230917,1B11,1,11,9/17/2023,9/17/2033,120,8000000000,VND,13.8,NULL,0
210,CIF9080930,CRCT-00210,MA-00210,KHDN,CIF9080930-CRCT-00210/KHDN/20230918,1B14,41,11,9/18/2023,9/18/2028,60,2200000000,VND,13.85,NULL,0
211,CIF9080931,CRCT-00211,MA-00211,CVTD NHNN2,CIF9080931-CRCT-00211/CVTD NHNN2/20230919,1B14,2,11,9/19/2023,9/19/2028,60,1900000000,VND,13.9,NULL,0
212,CIF9080932,CRCT-00212,MA-00212,CVSOHUUDBS1,CIF9080932-CRCT-00212/CVSOHUUDBS1/20230920,1B14,1,11,9/20/2023,9/20/2028,60,8000000000,VND,13.95,NULL,0
213,CIF9080933,CRCT-00213,MA-00213,CVSOHUUDBS1,CIF9080933-CRCT-00213/CVSOHUUDBS1/20230921,1B14,1,11,9/21/2023,9/21/2028,60,2100000000,VND,14.1,NULL,0
214,CIF9080934,CRCT-00214,MA-00214,CVSOHUUDBS1,CIF9080934-CRCT-00214/CVSOHUUDBS1/20230922,1B14,1,11,9/22/2023,9/22/2028,60,500000000,VND,14.05,NULL,0
215,CIF9080935,CRCT-00215,MA-00215,CVTD-TAICAP2,CIF9080935-CRCT-00215/CVTD-TAICAP2/20230923,1B14,1,11,9/23/2023,9/23/2028,60,3500000000,VND,14.05,NULL,0
216,CIF9080936,CRCT-00216,MA-00216,CV_KHTT,CIF9080936-CRCT-00216/CV_KHTT/20230924,1A12,1,11,9/24/2023,9/24/2028,60,2500000000,VND,14.05,NULL,0
217,CIF9080937,CRCT-00217,MA-00217,CVSOHUUDBS1,CIF9080937-CRCT-00217/CVSOHUUDBS1/20231020,1B14,1,11,10/20/2023,10/20/2028,60,10000000000,VND,14.05,NULL,0
218,CIF9080938,CRCT-00218,MA-00218,CVSOHUUDBS1,CIF9080938-CRCT-00218/CVSOHUUDBS1/20231021,1B11,1,11,10/21/2023,10/21/2028,60,33000000000,VND,14.05,NULL,0
219,CIF9080939,CRCT-00219,MA-00219,CVSOHUUDBS1,CIF9080939-CRCT-00219/CVSOHUUDBS1/20231022,1B13,1,11,10/22/2023,10/22/2028,60,20000000000,VND,14.05,NULL,0
220,CIF9080940,CRCT-00220,MA-00220,CVSOHUUDBS1,CIF9080940-CRCT-00220/CVSOHUUDBS1/20231023,1B14,1,11,10/23/2023,10/23/2028,60,15000000000,VND,14.05,NULL,0
221,CIF9080941,CRCT-00221,MA-00221,KHDN,CIF9080941-CRCT-00221/KHDN/20231024,1A12,1,11,10/24/2023,10/24/2033,120,56700000000,VND,13.5,NULL,0
222,CIF9080942,CRCT-00222,MA-00222,CVSOHUUDBS1,CIF9080942-CRCT-00222/CVSOHUUDBS1/20231025,1B14,3,11,10/25/2023,10/25/2033,120,480000000,VND,13.55,NULL,0
223,CIF9080943,CRCT-00223,MA-00223,CVSOHUUDBS1,CIF9080943-CRCT-00223/CVSOHUUDBS1/20231026,1B14,1,11,10/26/2023,10/26/2033,120,11500000000,VND,13.6,NULL,0
224,CIF9080944,CRCT-00224,MA-00224,CVSOHUUDBS1,CIF9080944-CRCT-00224/CVSOHUUDBS1/20231027,1B14,1,11,10/27/2023,10/27/2033,120,16025000000,VND,13.65,NULL,0
225,CIF9080945,CRCT-00225,MA-00225,CV SOHUU BDS,CIF9080945-CRCT-00225/CV SOHUU BDS/20231028,1B14,1,11,10/28/2023,10/28/2033,120,1900000000,VND,13.7,NULL,0
226,CIF0016819,CRCT-00226,MA-00226,CVSOHUUDBS1,CIF0016819-CRCT-00226/CVSOHUUDBS1/20231029,1A15,1,11,10/29/2023,10/29/2030,84,12300000000,VND,12.65,NULL,0
227,CIF9080946,CRCT-00227,MA-00227,KHDN,CIF9080946-CRCT-00227/KHDN/20231103,1A11,1,11,11/3/2023,11/3/2033,120,10000000000,VND,13.75,NULL,0
228,CIF9080947,CRCT-00228,MA-00228,CVSOHUUDBS1,CIF9080947-CRCT-00228/CVSOHUUDBS1/20231104,1A11,1,11,11/4/2023,11/4/2033,120,2100000000,VND,13.55,NULL,0
229,CIF9080948,CRCT-00229,MA-00229,CVSOHUUDBS1,CIF9080948-CRCT-00229/CVSOHUUDBS1/20231105,1B14,1,14,11/5/2023,11/5/2031,96,1500000000,VND,13.45,NULL,0
230,CIF9080949,CRCT-00230,MA-00230,CVSOHUUDBS1,CIF9080949-CRCT-00230/CVSOHUUDBS1/20231106,1B14,2,11,11/6/2023,11/6/2031,96,17800000000,VND,13.45,NULL,0
231,CIF9080950,CRCT-00231,MA-00231,CVSOHUUDBS1,CIF9080950-CRCT-00231/CVSOHUUDBS1/20231107,1B14,1,11,11/7/2023,11/7/2031,96,2700000000,VND,13.45,NULL,0
232,CIF9080951,CRCT-00232,MA-00232,CVSOHUUDBS1,CIF9080951-CRCT-00232/CVSOHUUDBS1/20231108,1B13,1,11,11/8/2023,11/8/2031,96,30000000000,VND,13.45,NULL,0
233,CIF9080952,CRCT-00233,MA-00233,CVSOHUUDBS1,CIF9080952-CRCT-00233/CVSOHUUDBS1/20231109,1B13,1,11,11/9/2023,11/9/2031,96,12000000000,VND,13.45,NULL,0
234,CIF9080953,CRCT-00234,MA-00234,KHDN,CIF9080953-CRCT-00234/KHDN/20231110,1B13,1,11,11/10/2023,11/10/2031,96,50000000000,VND,13.45,NULL,0
235,CIF9080954,CRCT-00235,MA-00235,CVSOHUUDBS3,CIF9080954-CRCT-00235/CVSOHUUDBS3/20231111,1B14,1,11,11/11/2023,11/11/2031,96,20000000000,VND,13.45,NULL,0
236,CIF9080955,CRCT-00236,MA-00236,CVSOHUUDBS1,CIF9080955-CRCT-00236/CVSOHUUDBS1/20231112,1A11,1,11,11/12/2023,11/12/2031,96,400000000,VND,14.05,NULL,0
237,CIF9080956,CRCT-00237,MA-00237,CVSOHUUDBS1,CIF9080956-CRCT-00237/CVSOHUUDBS1/20231113,1B14,1,11,11/13/2023,11/13/2026,36,60000000000,VND,14.1,NULL,0
238,CIF9080957,CRCT-00238,MA-00238,CV_KHTT,CIF9080957-CRCT-00238/CV_KHTT/20231114,1B12,1,11,11/14/2023,11/14/2026,36,7500000000,VND,14.15,NULL,0
239,CIF9080958,CRCT-00239,MA-00239,CVSOHUUDBS1,CIF9080958-CRCT-00239/CVSOHUUDBS1/20231207,1B14,1,11,12/7/2023,12/7/2026,36,20000000000,VND,14.2,NULL,0
240,CIF9080959,CRCT-00240,MA-00240,CVSOHUUDBS1,CIF9080959-CRCT-00240/CVSOHUUDBS1/20231208,1B14,1,11,12/8/2023,12/8/2026,36,40000000000,VND,14.25,NULL,0
241,CIF9080960,CRCT-00241,MA-00241,LUONGNGANSACH,CIF9080960-CRCT-00241/LUONGNGANSACH/20231209,1B14,42,11,12/9/2023,12/9/2026,36,2500000000,VND,14.3,NULL,0
242,CIF9080961,CRCT-00242,MA-00242,CVSOHUUDBS1,CIF9080961-CRCT-00242/CVSOHUUDBS1/20231210,1B14,1,11,12/10/2023,12/10/2026,36,5000000000,VND,14.35,NULL,0
243,CIF9080962,CRCT-00243,MA-00243,CVTD NHNN2,CIF9080962-CRCT-00243/CVTD NHNN2/20231211,1A12,1,11,12/11/2023,12/11/2026,36,1600000000,VND,14.4,NULL,0
244,CIF9080963,CRCT-00244,MA-00244,CVKD-Nhom 1,CIF9080963-CRCT-00244/CVKD-Nhom 1/20231212,1A211,1,11,12/12/2023,12/12/2025,24,7000000000,VND,14.35,NULL,0
245,CIF9080964,CRCT-00245,MA-00245,CVSOHUUDBS1,CIF9080964-CRCT-00245/CVSOHUUDBS1/20231213,1A211,1,11,12/13/2023,12/13/2025,24,10000000000,VND,14.3,NULL,0
246,CIF9080965,CRCT-00246,MA-00246,CVSOHUUDBS1,CIF9080965-CRCT-00246/CVSOHUUDBS1/20231214,1A211,1,11,12/14/2023,12/14/2025,24,1.8E+11,VND,14.25,NULL,0
247,CIF9080966,CRCT-00247,MA-00247,CVSOHUUDBS1,CIF9080966-CRCT-00247/CVSOHUUDBS1/20231215,1A211,1,11,12/15/2023,12/15/2025,24,8000000000,VND,14.2,NULL,0
248,CIF9080967,CRCT-00248,MA-00248,CVTD-TAICAP2,CIF9080967-CRCT-00248/CVTD-TAICAP2/20231216,1A211,1,11,12/16/2023,12/16/2025,24,18600000000,VND,14.25,NULL,0
249,CIF9080968,CRCT-00249,MA-00249,CVSOHUUDBS1,CIF9080968-CRCT-00249/CVSOHUUDBS1/20231217,1A211,2,11,12/17/2023,12/17/2025,24,10000000000,VND,14.25,NULL,0
250,CIF9080969,CRCT-00250,MA-00250,CVSOHUUDBS1,CIF9080969-CRCT-00250/CVSOHUUDBS1/20231218,1A12,1,11,12/18/2023,12/18/2025,24,1500000000,VND,14.25,NULL,0
251,CIF9080970,CRCT-00251,MA-00251,CV_KHTT,CIF9080970-CRCT-00251/CV_KHTT/20231219,1A12,3,11,12/19/2023,12/19/2025,24,5000000000,VND,14.25,NULL,0
252,CIF0002607,CRCT-00252,MA-00252,CVSOHUUDBS1,CIF0002607-CRCT-00252/CVSOHUUDBS1/20231219,1B13,1,11,12/19/2023,12/19/2024,12,1600000000,VND,13.05,12/19/2024,1
253,CIF9080971,CRCT-00253,MA-00253,CVSOHUUDBS1,CIF9080971-CRCT-00253/CVSOHUUDBS1/20231220,1A211,1,11,12/20/2023,12/20/2025,24,4000000000,VND,14.75,NULL,0
254,CIF9080972,CRCT-00254,MA-00254,CVTD NHNN2,CIF9080972-CRCT-00254/CVTD NHNN2/20231221,1B13,1,11,12/21/2023,12/21/2025,24,5000000000,VND,14.75,NULL,0
255,CIF9080973,CRCT-00255,MA-00255,CVSOHUUDBS1,CIF9080973-CRCT-00255/CVSOHUUDBS1/20231222,1A211,1,11,12/22/2023,12/22/2025,24,1400000000,VND,14.75,NULL,0
256,CIF9080974,CRCT-00256,MA-00256,CVSOHUUDBS1,CIF9080974-CRCT-00256/CVSOHUUDBS1/20240213,1A211,1,11,2/13/2024,2/13/2025,12,20000000000,VND,14.75,NULL,0
257,CIF9080975,CRCT-00257,MA-00257,CVSOHUUDBS1,CIF9080975-CRCT-00257/CVSOHUUDBS1/20240214,1B13,1,11,2/14/2024,2/14/2025,12,20000000000,VND,14.75,NULL,0
258,CIF9080976,CRCT-00258,MA-00258,CVSOHUUDBS1,CIF9080976-CRCT-00258/CVSOHUUDBS1/20240215,1A211,1,11,2/15/2024,2/15/2025,12,11500000000,VND,14.75,NULL,0
259,CIF9080977,CRCT-00259,MA-00259,CVSOHUUDBS1,CIF9080977-CRCT-00259/CVSOHUUDBS1/20240216,1A211,1,14,2/16/2024,2/16/2026,24,4425000000,VND,14.75,NULL,0
260,CIF9080978,CRCT-00260,MA-00260,CVSOHUUDBS1,CIF9080978-CRCT-00260/CVSOHUUDBS1/20240217,1A211,1,11,2/17/2024,2/17/2026,24,1600000000,VND,14.5,NULL,0
261,CIF9080979,CRCT-00261,MA-00261,CVKD-Nhom 1,CIF9080979-CRCT-00261/CVKD-Nhom 1/20240218,1A211,42,16,2/18/2024,2/18/2026,24,1600000000,VND,14.6,NULL,0
262,CIF9080980,CRCT-00262,MA-00262,KHDN,CIF9080980-CRCT-00262/KHDN/20240219,1A211,1,11,2/19/2024,2/19/2029,60,2300000000,VND,14.7,NULL,0
263,CIF9080981,CRCT-00263,MA-00263,CVSOHUUDBS1,CIF9080981-CRCT-00263/CVSOHUUDBS1/20240220,1A11,1,11,2/20/2024,2/20/2029,60,2300000000,VND,14.8,NULL,0
264,CIF9080982,CRCT-00264,MA-00264,CVSOHUUDBS1,CIF9080982-CRCT-00264/CVSOHUUDBS1/20240404,1A12,1,11,4/4/2024,4/4/2029,60,1800000000,VND,14.9,NULL,0
265,CIF9080983,CRCT-00265,MA-00265,CVSOHUUDBS1,CIF9080983-CRCT-00265/CVSOHUUDBS1/20240405,1A211,3,11,4/5/2024,4/5/2029,60,1000000000,VND,15,NULL,0
266,CIF9080984,CRCT-00266,MA-00266,CVTD-TAICAP2,CIF9080984-CRCT-00266/CVTD-TAICAP2/20240406,1B12,1,11,4/6/2024,4/6/2029,60,2400000000,VND,15.05,NULL,0
267,CIF9080985,CRCT-00267,MA-00267,LUONGNGANSACH,CIF9080985-CRCT-00267/LUONGNGANSACH/20240407,1A211,1,11,4/7/2024,4/7/2029,60,8500000000,VND,15.25,NULL,0
268,CIF9080986,CRCT-00268,MA-00268,CV SOHUU BDS,CIF9080986-CRCT-00268/CV SOHUU BDS/20240408,1B13,1,11,4/8/2024,4/8/2029,60,9000000000,VND,15.25,NULL,0
269,CIF9080987,CRCT-00269,MA-00269,CV_KHTT,CIF9080987-CRCT-00269/CV_KHTT/20240409,1A211,1,11,4/9/2024,4/9/2029,60,7500000000,VND,15.7,NULL,0
270,CIF9080988,CRCT-00270,MA-00270,CVSOHUUDBS1,CIF9080988-CRCT-00270/CVSOHUUDBS1/20240410,1B13,1,11,4/10/2024,4/10/2029,60,3500000000,VND,15.1,NULL,0
271,CIF9080989,CRCT-00271,MA-00271,KHDN,CIF9080989-CRCT-00271/KHDN/20240530,1A11,5,11,5/30/2024,5/30/2034,120,1500000000,VND,15.15,NULL,0
272,CIF9080990,CRCT-00272,MA-00272,CVSOHUUDBS1,CIF9080990-CRCT-00272/CVSOHUUDBS1/20240601,1A11,1,11,6/1/2024,6/1/2034,120,2600000000,VND,15.2,NULL,0
273,CIF9080991,CRCT-00273,MA-00273,CVSOHUUDBS1,CIF9080991-CRCT-00273/CVSOHUUDBS1/20240601,1A211,1,11,6/1/2024,6/1/2034,120,30000000000,VND,15.25,NULL,0
274,CIF9080992,CRCT-00274,MA-00274,CVSOHUUDBS1,CIF9080992-CRCT-00274/CVSOHUUDBS1/20240606,1A15,1,11,6/6/2024,6/6/2034,120,10000000000,VND,15.3,NULL,0
275,CIF9080993,CRCT-00275,MA-00275,CVSOHUUDBS1,CIF9080993-CRCT-00275/CVSOHUUDBS1/20240607,1A12,1,11,6/7/2024,6/7/2034,120,1100000000,VND,15.35,NULL,0
276,CIF9080994,CRCT-00276,MA-00276,CVSOHUUDBS1,CIF9080994-CRCT-00276/CVSOHUUDBS1/20240608,1A15,1,11,6/8/2024,6/8/2032,96,8000000000,VND,15.4,NULL,0
277,CIF9080995,CRCT-00277,MA-00277,CVSOHUUDBS1,CIF9080995-CRCT-00277/CVSOHUUDBS1/20240609,1A15,2,11,6/9/2024,6/9/2026,24,8000000000,VND,15.05,NULL,0
278,CIF9080996,CRCT-00278,MA-00278,CVSOHUUDBS1,CIF9080996-CRCT-00278/CVSOHUUDBS1/20240610,1A15,1,11,6/10/2024,6/10/2027,36,10000000000,VND,15.1,NULL,0
279,CIF9080997,CRCT-00279,MA-00279,CVSOHUUDBS1,CIF9080997-CRCT-00279/CVSOHUUDBS1/20240611,1B12,1,121,6/11/2024,6/11/2027,36,55000000000,VND,15.1,NULL,0
280,CIF9080998,CRCT-00280,MA-00280,CVTD NHNN2,CIF9080998-CRCT-00280/CVTD NHNN2/20240612,1A15,1,11,6/12/2024,6/12/2027,36,3000000000,VND,15.1,NULL,0
281,CIF9080999,CRCT-00281,MA-00281,CVKD-Nhom 1,CIF9080999-CRCT-00281/CVKD-Nhom 1/20240613,1A15,1,11,6/13/2024,6/13/2027,36,5922000000,VND,15.1,NULL,0
282,CIF9081000,CRCT-00282,MA-00282,CVSOHUUDBS1,CIF9081000-CRCT-00282/CVSOHUUDBS1/20240614,1A143,1,11,6/14/2024,6/14/2027,36,4500000000,VND,15.1,NULL,0
283,CIF9081001,CRCT-00283,MA-00283,CVSOHUUDBS1,CIF9081001-CRCT-00283/CVSOHUUDBS1/20240615,1B13,1,11,6/15/2024,6/15/2027,36,2300000000,VND,15.1,NULL,0
284,CIF9081002,CRCT-00284,MA-00284,CVSOHUUDBS3,CIF9081002-CRCT-00284/CVSOHUUDBS3/20240616,1A12,1,11,6/16/2024,6/16/2027,36,2000000000,VND,15.1,NULL,0
285,CIF9081003,CRCT-00285,MA-00285,LUONGNGANSACH,CIF9081003-CRCT-00285/LUONGNGANSACH/20240617,1A15,1,11,6/17/2024,6/17/2034,120,1800000000,VND,14.75,NULL,0
286,CIF9081004,CRCT-00286,MA-00286,CV SOHUU BDS,CIF9081004-CRCT-00286/CV SOHUU BDS/20240618,1A15,1,11,6/18/2024,6/18/2039,180,2400000000,VND,14.25,NULL,0
287,CIF9081005,CRCT-00287,MA-00287,CV_KHTT,CIF9081005-CRCT-00287/CV_KHTT/20240619,1A11,1,11,6/19/2024,6/19/2027,36,1300000000,VND,14.35,NULL,0
288,CIF9081006,CRCT-00288,MA-00288,KHDN,CIF9081006-CRCT-00288/KHDN/20240620,205,1,11,6/20/2024,6/20/2028,48,2200000000,VND,14.4,NULL,0
289,CIF9081007,CRCT-00289,MA-00289,CVSOHUUDBS1,CIF9081007-CRCT-00289/CVSOHUUDBS1/20240621,1B13,1,11,6/21/2024,6/21/2031,84,2200000000,VND,14.27,NULL,0
290,CIF9081008,CRCT-00290,MA-00290,CVSOHUUDBS1,CIF9081008-CRCT-00290/CVSOHUUDBS1/20240622,1A15,1,121,6/22/2024,6/22/2033,108,20000000000,VND,14.58,NULL,0
291,CIF9081009,CRCT-00291,MA-00291,CVSOHUUDBS1,CIF9081009-CRCT-00291/CVSOHUUDBS1/20240623,1A12,1,11,6/23/2024,6/23/2029,60,2500000000,VND,14.89,NULL,0
292,CIF9081010,CRCT-00292,MA-00292,CVSOHUUDBS1,CIF9081010-CRCT-00292/CVSOHUUDBS1/20240624,1A15,2,11,6/24/2024,6/24/2029,60,6000000000,VND,15,NULL,0
293,CIF9081011,CRCT-00293,MA-00293,CVSOHUUDBS1,CIF9081011-CRCT-00293/CVSOHUUDBS1/20240625,1B13,1,11,6/25/2024,6/25/2029,60,2900000000,VND,15.85,NULL,0
294,CIF9081012,CRCT-00294,MA-00294,CVTD NHNN2,CIF9081012-CRCT-00294/CVTD NHNN2/20240626,1B14,1,11,6/26/2024,6/26/2029,60,1300000000,VND,15.85,NULL,0
295,CIF9081013,CRCT-00295,MA-00295,CVSOHUUDBS1,CIF9081013-CRCT-00295/CVSOHUUDBS1/20240627,1B13,1,11,6/27/2024,6/27/2029,60,2100000000,VND,15.85,NULL,0
296,CIF9081014,CRCT-00296,MA-00296,CVSOHUUDBS3,CIF9081014-CRCT-00296/CVSOHUUDBS3/20240628,1B14,6,14,6/28/2024,6/28/2025,12,18400000000,VND,15.85,NULL,0
297,CIF9081015,CRCT-00297,MA-00297,CVSOHUUDBS1,CIF9081015-CRCT-00297/CVSOHUUDBS1/20240629,1A12,1,11,6/29/2024,6/29/2025,12,10000000000,VND,15.5,NULL,0
298,CIF9081016,CRCT-00298,MA-00298,KHDN,CIF9081016-CRCT-00298/KHDN/20240630,1A12,1,11,6/30/2024,6/30/2025,12,10000000000,VND,15.6,NULL,0
299,CIF9081017,CRCT-00299,MA-00299,CV_KHTT,CIF9081017-CRCT-00299/CV_KHTT/20240718,1A11,6,11,7/18/2024,7/18/2026,24,2600000000,VND,15.65,NULL,0
300,CIF9081018,CRCT-00300,MA-00300,CVSOHUUDBS1,CIF9081018-CRCT-00300/CVSOHUUDBS1/20240719,1B13,1,11,7/19/2024,7/19/2026,24,1700000000,VND,15.75,NULL,0
301,CIF9081019,CRCT-00301,MA-00301,CVSOHUUDBS1,CIF9081019-CRCT-00301/CVSOHUUDBS1/20240720,1B14,1,11,7/20/2024,7/20/2026,24,2200000000,VND,15.85,NULL,0
302,CIF9081020,CRCT-00302,MA-00302,CVKD-Nhom 1,CIF9081020-CRCT-00302/CVKD-Nhom 1/20240721,1B14,1,11,7/21/2024,7/21/2029,60,2780000000,VND,16,NULL,0
303,CIF9081021,CRCT-00303,MA-00303,CVSOHUUDBS1,CIF9081021-CRCT-00303/CVSOHUUDBS1/20240722,1B13,1,11,7/22/2024,7/22/2029,60,17600000000,VND,16.1,NULL,0
304,CIF9081022,CRCT-00304,MA-00304,CVSOHUUDBS1,CIF9081022-CRCT-00304/CVSOHUUDBS1/20240723,1B14,1,11,7/23/2024,7/23/2029,60,2000000000,VND,16.2,NULL,0
305,CIF9081023,CRCT-00305,MA-00305,CVSOHUUDBS1,CIF9081023-CRCT-00305/CVSOHUUDBS1/20240724,205,2,11,7/24/2024,7/24/2029,60,2800000000,VND,16.25,NULL,0
306,CIF9081024,CRCT-00306,MA-00306,CVSOHUUDBS1,CIF9081024-CRCT-00306/CVSOHUUDBS1/20240725,205,1,11,7/25/2024,7/25/2029,60,2200000000,VND,16.05,NULL,0
307,CIF9081025,CRCT-00307,MA-00307,KHDN,CIF9081025-CRCT-00307/KHDN/20240726,205,1,14,7/26/2024,7/26/2029,60,5500000000,VND,15.45,NULL,0
308,CIF9081026,CRCT-00308,MA-00308,CVSOHUUDBS1,CIF9081026-CRCT-00308/CVSOHUUDBS1/20240727,1B14,1,11,7/27/2024,7/27/2029,60,1600000000,VND,15.35,NULL,0
309,CIF9081027,CRCT-00309,MA-00309,CVSOHUUDBS1,CIF9081027-CRCT-00309/CVSOHUUDBS1/20240728,1B14,6,11,7/28/2024,7/28/2029,60,86000000000,VND,15.75,NULL,0
310,CIF9081028,CRCT-00310,MA-00310,CV SOHUU BDS,CIF9081028-CRCT-00310/CV SOHUU BDS/20240729,1B14,1,11,7/29/2024,7/29/2029,60,2500000000,VND,16,NULL,0
311,CIF9081029,CRCT-00311,MA-00311,KHDN,CIF9081029-CRCT-00311/KHDN/20240730,1A11,1,11,7/30/2024,7/30/2034,120,2800000000,VND,16.05,NULL,0
312,CIF9081030,CRCT-00312,MA-00312,LUONGNGANSACH,CIF9081030-CRCT-00312/LUONGNGANSACH/20240731,1B14,1,11,7/31/2024,7/31/2034,120,2700000000,VND,16,NULL,0
313,CIF9081031,CRCT-00313,MA-00313,CVSOHUUDBS1,CIF9081031-CRCT-00313/CVSOHUUDBS1/20240818,1B14,1,15,8/18/2024,8/18/2034,120,2800000000,VND,13.05,NULL,0
314,CIF9081032,CRCT-00314,MA-00314,CVSOHUUDBS1,CIF9081032-CRCT-00314/CVSOHUUDBS1/20240819,1B14,1,11,8/19/2024,8/19/2034,120,2400000000,VND,11,NULL,0
315,CIF9081033,CRCT-00315,MA-00315,CVSOHUUDBS1,CIF9081033-CRCT-00315/CVSOHUUDBS1/20240820,1B14,1,11,8/20/2024,8/20/2034,120,1800000000,VND,12.65,NULL,0
316,CIF9081034,CRCT-00316,MA-00316,CVSOHUUDBS3,CIF9081034-CRCT-00316/CVSOHUUDBS3/20240821,1A15,1,11,8/21/2024,8/21/2032,96,2400000000,VND,13.05,NULL,0
317,CIF9081035,CRCT-00317,MA-00317,CVSOHUUDBS1,CIF9081035-CRCT-00317/CVSOHUUDBS1/20240822,1A15,1,11,8/22/2024,8/22/2026,24,1700000000,VND,13,NULL,0
318,CIF9081036,CRCT-00318,MA-00318,CVSOHUUDBS1,CIF9081036-CRCT-00318/CVSOHUUDBS1/20240823,1A15,1,14,8/23/2024,8/23/2027,36,1300000000,VND,12.65,NULL,0
319,CIF9081037,CRCT-00319,MA-00319,CV_KHTT,CIF9081037-CRCT-00319/CV_KHTT/20240824,1A15,3,11,8/24/2024,8/24/2027,36,7900000000,VND,12,NULL,0
320,CIF9081038,CRCT-00320,MA-00320,CVTD-TAICAP2,CIF9081038-CRCT-00320/CVTD-TAICAP2/20240825,1B13,1,11,8/25/2024,8/25/2027,36,17100000000,VND,13,NULL,0
321,CIF9081039,CRCT-00321,MA-00321,KHDN,CIF9081039-CRCT-00321/KHDN/20240826,1A15,1,11,8/26/2024,8/26/2027,36,1400000000,VND,11.35,NULL,0
322,CIF9081040,CRCT-00322,MA-00322,CVSOHUUDBS1,CIF9081040-CRCT-00322/CVSOHUUDBS1/20240827,1A12,2,11,8/27/2024,8/27/2027,36,19500000000,VND,13,NULL,0
323,CIF9081041,CRCT-00323,MA-00323,CVSOHUUDBS1,CIF9081041-CRCT-00323/CVSOHUUDBS1/20240828,1A15,1,11,8/28/2024,8/28/2027,36,12300000000,VND,12.65,NULL,0
324,CIF9081042,CRCT-00324,MA-00324,CVSOHUUDBS1,CIF9081042-CRCT-00324/CVSOHUUDBS1/20240829,1B13,1,11,8/29/2024,8/29/2027,36,1600000000,VND,13.05,NULL,0
325,CIF9081043,CRCT-00325,MA-00325,CVSOHUUDBS1,CIF9081043-CRCT-00325/CVSOHUUDBS1/20240830,1A15,1,11,8/30/2024,8/30/2034,120,10000000000,VND,15.3,NULL,0
326,CIF9081044,CRCT-00326,MA-00326,CVSOHUUDBS1,CIF9081044-CRCT-00326/CVSOHUUDBS1/20240831,1A12,1,11,8/31/2024,8/31/2039,180,1100000000,VND,15.35,NULL,0
327,CIF9081045,CRCT-00327,MA-00327,CVSOHUUDBS1,CIF9081045-CRCT-00327/CVSOHUUDBS1/20240901,1A15,1,11,9/1/2024,9/1/2027,36,8000000000,VND,15.4,NULL,0
328,CIF9081046,CRCT-00328,MA-00328,CVSOHUUDBS1,CIF9081046-CRCT-00328/CVSOHUUDBS1/20240902,1A15,2,11,9/2/2024,9/2/2028,48,8000000000,VND,15.05,NULL,0
329,CIF9081047,CRCT-00329,MA-00329,KHDN,CIF9081047-CRCT-00329/KHDN/20240903,1A15,1,11,9/3/2024,9/3/2031,84,10000000000,VND,15.1,NULL,0
330,CIF9081048,CRCT-00330,MA-00330,CVSOHUUDBS1,CIF9081048-CRCT-00330/CVSOHUUDBS1/20240904,1B12,1,121,9/4/2024,9/4/2033,108,25000000000,VND,15.1,NULL,0
331,CIF9081049,CRCT-00331,MA-00331,CVSOHUUDBS1,CIF9081049-CRCT-00331/CVSOHUUDBS1/20240905,1A15,1,11,9/5/2024,9/5/2029,60,3000000000,VND,15.1,NULL,0
332,CIF9081050,CRCT-00332,MA-00332,CV SOHUU BDS,CIF9081050-CRCT-00332/CV SOHUU BDS/20240906,1A15,1,11,9/6/2024,9/6/2029,60,10000000000,VND,15.1,NULL,0
333,CIF9081051,CRCT-00333,MA-00333,CVSOHUUDBS1,CIF9081051-CRCT-00333/CVSOHUUDBS1/20240907,1A143,1,11,9/7/2024,9/7/2029,60,4500000000,VND,15.1,NULL,0
334,CIF9081052,CRCT-00334,MA-00334,CVTD NHNN2,CIF9081052-CRCT-00334/CVTD NHNN2/20240908,1B13,1,11,9/8/2024,9/8/2029,60,2300000000,VND,15.1,NULL,0
335,CIF9081053,CRCT-00335,MA-00335,CVSOHUUDBS1,CIF9081053-CRCT-00335/CVSOHUUDBS1/20240909,1A12,1,11,9/9/2024,9/9/2029,60,2000000000,VND,15.1,NULL,0
336,CIF9081054,CRCT-00336,MA-00336,CVSOHUUDBS1,CIF9081054-CRCT-00336/CVSOHUUDBS1/20240910,1A15,1,11,9/10/2024,9/10/2025,12,1800000000,VND,14.75,NULL,0
337,CIF9081055,CRCT-00337,MA-00337,CVSOHUUDBS1,CIF9081055-CRCT-00337/CVSOHUUDBS1/20240911,1A15,1,11,9/11/2024,9/11/2025,12,2400000000,VND,14.25,NULL,0
338,CIF9081056,CRCT-00338,MA-00338,CVTD NHNN2,CIF9081056-CRCT-00338/CVTD NHNN2/20240912,1A11,1,11,9/12/2024,9/12/2025,12,1300000000,VND,14.35,NULL,0
339,CIF9081057,CRCT-00339,MA-00339,CVSOHUUDBS1,CIF9081057-CRCT-00339/CVSOHUUDBS1/20241001,205,1,11,10/1/2024,10/1/2026,24,2200000000,VND,14.4,NULL,0
340,CIF9081058,CRCT-00340,MA-00340,KHDN,CIF9081058-CRCT-00340/KHDN/20241002,1B13,1,11,10/2/2024,10/2/2026,24,2200000000,VND,14.27,NULL,0
341,CIF9081059,CRCT-00341,MA-00341,KHDN,CIF9081059-CRCT-00341/KHDN/20241003,1A15,1,121,10/3/2024,10/3/2026,24,2000000000,VND,14.58,NULL,0
342,CIF9081060,CRCT-00342,MA-00342,CVSOHUUDBS1,CIF9081060-CRCT-00342/CVSOHUUDBS1/20241004,1A12,1,11,10/4/2024,10/4/2029,60,2500000000,VND,14.89,NULL,0
343,CIF9081061,CRCT-00343,MA-00343,CVTD-TAICAP2,CIF9081061-CRCT-00343/CVTD-TAICAP2/20241005,1A15,2,11,10/5/2024,10/5/2029,60,4000000000,VND,15,NULL,0
344,CIF9081062,CRCT-00344,MA-00344,CVSOHUUDBS1,CIF9081062-CRCT-00344/CVSOHUUDBS1/20241006,1B13,1,11,10/6/2024,10/6/2029,60,2900000000,VND,15.85,NULL,0
345,CIF9081063,CRCT-00345,MA-00345,CVSOHUUDBS1,CIF9081063-CRCT-00345/CVSOHUUDBS1/20241007,1B14,1,11,10/7/2024,10/7/2029,60,1300000000,VND,15.85,NULL,0
346,CIF9081064,CRCT-00346,MA-00346,CV_KHTT,CIF9081064-CRCT-00346/CV_KHTT/20241008,1B13,1,11,10/8/2024,10/8/2029,60,2100000000,VND,15.85,NULL,0
347,CIF9081065,CRCT-00347,MA-00347,KHDN,CIF9081065-CRCT-00347/KHDN/20241009,1B14,6,14,10/9/2024,10/9/2029,60,1800000000,VND,15.85,NULL,0
348,CIF9081066,CRCT-00348,MA-00348,CVSOHUUDBS1,CIF9081066-CRCT-00348/CVSOHUUDBS1/20241010,1A12,1,11,10/10/2024,10/10/2029,60,10000000000,VND,15.5,NULL,0
349,CIF9081067,CRCT-00349,MA-00349,KHDN,CIF9081067-CRCT-00349/KHDN/20241011,1A12,1,11,10/11/2024,10/11/2029,60,10000000000,VND,15.6,NULL,0
350,CIF9081068,CRCT-00350,MA-00350,CVSOHUUDBS1,CIF9081068-CRCT-00350/CVSOHUUDBS1/20241012,1A11,6,11,10/12/2024,10/12/2029,60,2600000000,VND,15.65,NULL,0
351,CIF9081069,CRCT-00351,MA-00351,CVSOHUUDBS1,CIF9081069-CRCT-00351/CVSOHUUDBS1/20241013,1B13,1,11,10/13/2024,10/13/2034,120,1700000000,VND,15.75,NULL,0
352,CIF9081070,CRCT-00352,MA-00352,CV SOHUU BDS,CIF9081070-CRCT-00352/CV SOHUU BDS/20241014,1B14,1,11,10/14/2024,10/14/2034,120,2200000000,VND,15.85,NULL,0
353,CIF9081071,CRCT-00353,MA-00353,KHDN,CIF9081071-CRCT-00353/KHDN/20241015,1B14,1,11,10/15/2024,10/15/2034,120,2780000000,VND,16,NULL,0
354,CIF9081072,CRCT-00354,MA-00354,CVSOHUUDBS1,CIF9081072-CRCT-00354/CVSOHUUDBS1/20241016,1B13,1,11,10/16/2024,10/16/2034,120,17600000000,VND,16.1,NULL,0
355,CIF9081073,CRCT-00355,MA-00355,CVSOHUUDBS1,CIF9081073-CRCT-00355/CVSOHUUDBS1/20241017,1B14,1,11,10/17/2024,10/17/2034,120,2000000000,VND,16.2,NULL,0
356,CIF9081074,CRCT-00356,MA-00356,CVSOHUUDBS1,CIF9081074-CRCT-00356/CVSOHUUDBS1/20241018,205,2,11,10/18/2024,10/18/2032,96,2800000000,VND,16.25,NULL,0
357,CIF9081075,CRCT-00357,MA-00357,KHDN,CIF9081075-CRCT-00357/KHDN/20241019,205,1,11,10/19/2024,10/19/2026,24,2200000000,VND,16.05,NULL,0
358,CIF9081076,CRCT-00358,MA-00358,CVSOHUUDBS1,CIF9081076-CRCT-00358/CVSOHUUDBS1/20241020,205,1,14,10/20/2024,10/20/2027,36,5500000000,VND,15.45,NULL,0
359,CIF9081077,CRCT-00359,MA-00359,KHDN,CIF9081077-CRCT-00359/KHDN/20241021,1B14,1,11,10/21/2024,10/21/2027,36,1600000000,VND,15.35,NULL,0
360,CIF9081078,CRCT-00360,MA-00360,CVSOHUUDBS3,CIF9081078-CRCT-00360/CVSOHUUDBS3/20241022,1B14,6,11,10/22/2024,10/22/2027,36,8500000000,VND,15.75,NULL,0
361,CIF9081079,CRCT-00361,MA-00361,CVSOHUUDBS1,CIF9081079-CRCT-00361/CVSOHUUDBS1/20241023,1B14,1,11,10/23/2024,10/23/2027,36,2500000000,VND,16,NULL,0
362,CIF9081080,CRCT-00362,MA-00362,CVSOHUUDBS1,CIF9081080-CRCT-00362/CVSOHUUDBS1/20241024,1A11,1,11,10/24/2024,10/24/2027,36,2800000000,VND,16.05,NULL,0
363,CIF9081081,CRCT-00363,MA-00363,CVSOHUUDBS1,CIF9081081-CRCT-00363/CVSOHUUDBS1/20241025,1B14,1,11,10/25/2024,10/25/2027,36,2700000000,VND,16,NULL,0
364,CIF9081082,CRCT-00364,MA-00364,CVSOHUUDBS1,CIF9081082-CRCT-00364/CVSOHUUDBS1/20241026,1B14,1,15,10/26/2024,10/26/2027,36,2800000000,VND,13.05,NULL,0
365,CIF9081083,CRCT-00365,MA-00365,CVKD-Nhom 1,CIF9081083-CRCT-00365/CVKD-Nhom 1/20241027,1B14,1,11,10/27/2024,10/27/2034,120,2400000000,VND,11,NULL,0
366,CIF9081084,CRCT-00366,MA-00366,CVSOHUUDBS1,CIF9081084-CRCT-00366/CVSOHUUDBS1/20241028,1B14,1,11,10/28/2024,10/28/2039,180,1800000000,VND,12.65,NULL,0
367,CIF9081085,CRCT-00367,MA-00367,CVSOHUUDBS1,CIF9081085-CRCT-00367/CVSOHUUDBS1/20241029,1A15,1,11,10/29/2024,10/29/2027,36,2400000000,VND,13.05,NULL,0
368,CIF9081086,CRCT-00368,MA-00368,KHDN,CIF9081086-CRCT-00368/KHDN/20241030,1A15,1,11,10/30/2024,10/30/2028,48,1700000000,VND,13,NULL,0
369,CIF9081087,CRCT-00369,MA-00369,CVSOHUUDBS1,CIF9081087-CRCT-00369/CVSOHUUDBS1/20241031,1A15,1,14,10/31/2024,10/31/2031,84,1300000000,VND,12.65,NULL,0
370,CIF9081088,CRCT-00370,MA-00370,KHDN,CIF9081088-CRCT-00370/KHDN/20241101,1A15,3,11,11/1/2024,11/1/2025,12,7900000000,VND,12,NULL,0
371,CIF9081089,CRCT-00371,MA-00371,KHDN,CIF9081089-CRCT-00371/KHDN/20241102,1B13,1,11,11/2/2024,11/2/2025,12,17100000000,VND,13,NULL,0
372,CIF9081090,CRCT-00372,MA-00372,CVSOHUUDBS1,CIF9081090-CRCT-00372/CVSOHUUDBS1/20241103,1A15,1,11,11/3/2024,11/3/2025,12,1400000000,VND,11.35,NULL,0
373,CIF9081091,CRCT-00373,MA-00373,CVTD NHNN2,CIF9081091-CRCT-00373/CVTD NHNN2/20241104,1A12,2,11,11/4/2024,11/4/2026,24,19500000000,VND,13,NULL,0
374,CIF9081092,CRCT-00374,MA-00374,CVSOHUUDBS1,CIF9081092-CRCT-00374/CVSOHUUDBS1/20241105,1A15,1,11,11/5/2024,11/5/2026,24,12300000000,VND,12.65,NULL,0
375,CIF9081093,CRCT-00375,MA-00375,CVSOHUUDBS1,CIF9081093-CRCT-00375/CVSOHUUDBS1/20241106,1B13,1,11,11/6/2024,11/6/2026,24,1600000000,VND,13.05,NULL,0
376,CIF9081094,CRCT-00376,MA-00376,CV SOHUU BDS,CIF9081094-CRCT-00376/CV SOHUU BDS/20241107,1A15,1,11,11/7/2024,11/7/2029,60,10000000000,VND,15.3,NULL,0
377,CIF9081095,CRCT-00377,MA-00377,CVSOHUUDBS1,CIF9081095-CRCT-00377/CVSOHUUDBS1/20241108,1A12,1,11,11/8/2024,11/8/2029,60,1100000000,VND,15.35,NULL,0
378,CIF9081096,CRCT-00378,MA-00378,KHDN,CIF9081096-CRCT-00378/KHDN/20241109,1A15,1,11,11/9/2024,11/9/2029,60,8000000000,VND,15.4,NULL,0
379,CIF9081097,CRCT-00379,MA-00379,CVSOHUUDBS1,CIF9081097-CRCT-00379/CVSOHUUDBS1/20241110,1A15,2,11,11/10/2024,11/10/2029,60,8000000000,VND,15.05,NULL,0
380,CIF9081098,CRCT-00380,MA-00380,CVSOHUUDBS1,CIF9081098-CRCT-00380/CVSOHUUDBS1/20241111,1A15,1,11,11/11/2024,11/11/2029,60,10000000000,VND,15.1,NULL,0
381,CIF9081099,CRCT-00381,MA-00381,CV SOHUU BDS,CIF9081099-CRCT-00381/CV SOHUU BDS/20241112,1B12,1,121,11/12/2024,11/12/2029,60,15500000000,VND,15.1,NULL,0
382,CIF9081100,CRCT-00382,MA-00382,CVSOHUUDBS1,CIF9081100-CRCT-00382/CVSOHUUDBS1/20241113,1A15,1,11,11/13/2024,11/13/2029,60,3000000000,VND,15.1,NULL,0
383,CIF9081101,CRCT-00383,MA-00383,KHDN,CIF9081101-CRCT-00383/KHDN/20241114,1A15,1,11,11/14/2024,11/14/2029,60,5922000000,VND,15.1,NULL,0
384,CIF9081102,CRCT-00384,MA-00384,CV_KHTT,CIF9081102-CRCT-00384/CV_KHTT/20241115,1A143,1,11,11/15/2024,11/15/2029,60,4500000000,VND,15.1,NULL,0
385,CIF9081103,CRCT-00385,MA-00385,CVSOHUUDBS3,CIF9081103-CRCT-00385/CVSOHUUDBS3/20241116,1B13,1,11,11/16/2024,11/16/2034,120,2300000000,VND,15.1,NULL,0
386,CIF9081104,CRCT-00386,MA-00386,CVSOHUUDBS1,CIF9081104-CRCT-00386/CVSOHUUDBS1/20241117,1A12,1,11,11/17/2024,11/17/2034,120,2000000000,VND,15.1,NULL,0
387,CIF9081105,CRCT-00387,MA-00387,CV_KHTT,CIF9081105-CRCT-00387/CV_KHTT/20241118,1A15,1,11,11/18/2024,11/18/2034,120,1800000000,VND,14.75,NULL,0
388,CIF9081106,CRCT-00388,MA-00388,CVSOHUUDBS1,CIF9081106-CRCT-00388/CVSOHUUDBS1/20241119,1A15,1,11,11/19/2024,11/19/2034,120,2400000000,VND,14.25,NULL,0
389,CIF9081107,CRCT-00389,MA-00389,CVSOHUUDBS1,CIF9081107-CRCT-00389/CVSOHUUDBS1/20241120,1A11,1,11,11/20/2024,11/20/2034,120,1300000000,VND,14.35,NULL,0
390,CIF9081108,CRCT-00390,MA-00390,CVSOHUUDBS1,CIF9081108-CRCT-00390/CVSOHUUDBS1/20241121,205,1,11,11/21/2024,11/21/2032,96,2200000000,VND,14.4,NULL,0
391,CIF9081109,CRCT-00391,MA-00391,CVTD-TAICAP2,CIF9081109-CRCT-00391/CVTD-TAICAP2/20241122,1B13,1,11,11/22/2024,11/22/2026,24,2200000000,VND,14.27,NULL,0
392,CIF9081110,CRCT-00392,MA-00392,CVSOHUUDBS1,CIF9081110-CRCT-00392/CVSOHUUDBS1/20241123,1A15,1,121,11/23/2024,11/23/2027,36,2000000000,VND,14.58,NULL,0
393,CIF9081111,CRCT-00393,MA-00393,CVSOHUUDBS1,CIF9081111-CRCT-00393/CVSOHUUDBS1/20241124,1A12,1,11,11/24/2024,11/24/2025,12,2500000000,VND,14.89,NULL,0
394,CIF9081112,CRCT-00394,MA-00394,CVSOHUUDBS1,CIF9081112-CRCT-00394/CVSOHUUDBS1/20241125,1A15,2,11,11/25/2024,11/25/2025,12,6000000000,VND,15,NULL,0
395,CIF9081113,CRCT-00395,MA-00395,CVSOHUUDBS1,CIF9081113-CRCT-00395/CVSOHUUDBS1/20241126,1B13,1,11,11/26/2024,11/26/2025,12,2900000000,VND,15.85,NULL,0
396,CIF9081114,CRCT-00396,MA-00396,CVSOHUUDBS1,CIF9081114-CRCT-00396/CVSOHUUDBS1/20241127,1B14,1,11,11/27/2024,11/27/2026,24,1300000000,VND,15.85,NULL,0
397,CIF9081115,CRCT-00397,MA-00397,CVKD-Nhom 1,CIF9081115-CRCT-00397/CVKD-Nhom 1/20241128,1B13,1,11,11/28/2024,11/28/2026,24,2100000000,VND,15.85,NULL,0
398,CIF9081116,CRCT-00398,MA-00398,CVSOHUUDBS1,CIF9081116-CRCT-00398/CVSOHUUDBS1/20241129,1B14,6,14,11/29/2024,11/29/2026,24,18400000000,VND,15.85,NULL,0
399,CIF9081117,CRCT-00399,MA-00399,CVSOHUUDBS1,CIF9081117-CRCT-00399/CVSOHUUDBS1/20241130,1A12,1,11,11/30/2024,11/30/2029,60,10000000000,VND,15.5,NULL,0
400,CIF9081118,CRCT-00400,MA-00400,CVSOHUUDBS1,CIF9081118-CRCT-00400/CVSOHUUDBS1/20241201,1A12,1,11,12/1/2024,12/1/2029,60,10000000000,VND,15.6,NULL,0
401,CIF9081119,CRCT-00401,MA-00401,KHDN,CIF9081119-CRCT-00401/KHDN/20241202,1A11,6,11,12/2/2024,12/2/2029,60,2600000000,VND,15.65,NULL,0
402,CIF9081120,CRCT-00402,MA-00402,CV_KHTT,CIF9081120-CRCT-00402/CV_KHTT/20241203,1B13,1,11,12/3/2024,12/3/2029,60,1700000000,VND,15.75,NULL,0
403,CIF9081029,CRCT-00403,MA-00403,KHDN,CIF9081029-CRCT-00403/KHDN/20241204,1B14,1,11,12/4/2024,12/4/2029,60,2200000000,VND,15.85,NULL,0
404,CIF9081030,CRCT-00404,MA-00404,CVSOHUUDBS1,CIF9081030-CRCT-00404/CVSOHUUDBS1/20241205,1B14,1,11,12/5/2024,12/5/2029,60,2780000000,VND,16,NULL,0
405,CIF9081031,CRCT-00405,MA-00405,KHDN,CIF9081031-CRCT-00405/KHDN/20241206,1B13,1,11,12/6/2024,12/6/2029,60,17600000000,VND,16.1,NULL,0
406,CIF9081032,CRCT-00406,MA-00406,CVSOHUUDBS1,CIF9081032-CRCT-00406/CVSOHUUDBS1/20241207,1B14,1,11,12/7/2024,12/7/2029,60,2000000000,VND,16.2,NULL,0
407,CIF9081033,CRCT-00407,MA-00407,KHDN,CIF9081033-CRCT-00407/KHDN/20241208,205,2,11,12/8/2024,12/8/2029,60,2800000000,VND,16.25,NULL,0
408,CIF9081034,CRCT-00408,MA-00408,KHDN,CIF9081034-CRCT-00408/KHDN/20241209,205,1,11,12/9/2024,12/9/2034,120,2200000000,VND,16.05,NULL,0
409,CIF9081035,CRCT-00409,MA-00409,CVTD NHNN2,CIF9081035-CRCT-00409/CVTD NHNN2/20241210,205,1,14,12/10/2024,12/10/2034,120,5500000000,VND,15.45,NULL,0
410,CIF9081036,CRCT-00410,MA-00410,CVSOHUUDBS1,CIF9081036-CRCT-00410/CVSOHUUDBS1/20241211,1B14,1,11,12/11/2024,12/11/2034,120,1600000000,VND,15.35,NULL,0
411,CIF9081037,CRCT-00411,MA-00411,CVTD-TAICAP2,CIF9081037-CRCT-00411/CVTD-TAICAP2/20241212,1B14,6,11,12/12/2024,12/12/2034,120,4650000000,VND,15.75,NULL,0
412,CIF9081038,CRCT-00412,MA-00412,CVSOHUUDBS1,CIF9081038-CRCT-00412/CVSOHUUDBS1/20241213,1B14,1,11,12/13/2024,12/13/2034,120,2500000000,VND,16,NULL,0
413,CIF9081039,CRCT-00413,MA-00413,CV SOHUU BDS,CIF9081039-CRCT-00413/CV SOHUU BDS/20241214,1A11,1,11,12/14/2024,12/14/2032,96,2800000000,VND,16.05,NULL,0
414,CIF9081040,CRCT-00414,MA-00414,CV_KHTT,CIF9081040-CRCT-00414/CV_KHTT/20241215,1B14,1,11,12/15/2024,12/15/2026,24,2700000000,VND,16,NULL,0
415,CIF9081041,CRCT-00415,MA-00415,CVSOHUUDBS3,CIF9081041-CRCT-00415/CVSOHUUDBS3/20241216,1B14,1,15,12/16/2024,12/16/2027,36,2800000000,VND,13.05,NULL,0
416,CIF9081003,CRCT-00416,MA-00416,CVSOHUUDBS1,CIF9081003-CRCT-00416/CVSOHUUDBS1/20241217,1B14,1,11,12/17/2024,12/17/2027,36,2400000000,VND,11,NULL,0
417,CIF9081004,CRCT-00417,MA-00417,CVSOHUUDBS1,CIF9081004-CRCT-00417/CVSOHUUDBS1/20241218,1B14,1,11,12/18/2024,12/18/2027,36,1800000000,VND,12.65,NULL,0
418,CIF9081005,CRCT-00418,MA-00418,CVSOHUUDBS1,CIF9081005-CRCT-00418/CVSOHUUDBS1/20241219,1A15,1,11,12/19/2024,12/19/2027,36,2400000000,VND,13.05,NULL,0
419,CIF9081006,CRCT-00419,MA-00419,KHDN,CIF9081006-CRCT-00419/KHDN/20241220,1A15,1,11,12/20/2024,12/20/2027,36,1700000000,VND,13,NULL,0
420,CIF9081007,CRCT-00420,MA-00420,CV SOHUU BDS,CIF9081007-CRCT-00420/CV SOHUU BDS/20241221,1A15,1,14,12/21/2024,12/21/2027,36,1300000000,VND,12.65,NULL,0
421,CIF9081008,CRCT-00421,MA-00421,CVSOHUUDBS1,CIF9081008-CRCT-00421/CVSOHUUDBS1/20241222,1A15,3,11,12/22/2024,12/22/2027,36,7900000000,VND,12,NULL,0
422,CIF9081009,CRCT-00422,MA-00422,CVSOHUUDBS1,CIF9081009-CRCT-00422/CVSOHUUDBS1/20241223,1B13,1,11,12/23/2024,12/23/2034,120,1700000000,VND,13,NULL,0
423,CIF9081010,CRCT-00423,MA-00423,CVSOHUUDBS1,CIF9081010-CRCT-00423/CVSOHUUDBS1/20241224,1A15,1,11,12/24/2024,12/24/2039,180,1400000000,VND,11.35,NULL,0
424,CIF9081011,CRCT-00424,MA-00424,CVSOHUUDBS1,CIF9081011-CRCT-00424/CVSOHUUDBS1/20241225,1A12,2,11,12/25/2024,12/25/2027,36,9500000000,VND,13,NULL,0
425,CIF9081012,CRCT-00425,MA-00425,CVSOHUUDBS1,CIF9081012-CRCT-00425/CVSOHUUDBS1/20241226,1A15,1,11,12/26/2024,12/26/2028,48,2300000000,VND,12.65,NULL,0
426,CIF9081013,CRCT-00426,MA-00426,CVSOHUUDBS1,CIF9081013-CRCT-00426/CVSOHUUDBS1/20241227,1B13,1,11,12/27/2024,12/27/2031,84,1600000000,VND,13.05,NULL,0
